Date,AFG,AGO,ALB,ARE,ARG,ARM,AUS,AUT,AZE,BDI,BEL,BEN,BFA,BGD,BGR,BHR,BIH,BLR,BOL,BRA,BRB,BTN,BWA,CAF,CAN,CHE,CHL,CHN,CIV,CMR,COD,COG,COL,COM,CPV,CRI,CUB,CYP,CZE,DEU,DJI,DNK,DOM,DZA,ECU,EGY,ERI,ESP,EST,ETH,FIN,FJI,FRA,GAB,GBR,GEO,GHA,GIN,GMB,GNB,GNQ,GRC,GTM,GUY,HKG,HND,HRV,HTI,HUN,IDN,IND,IRL,IRN,IRQ,ISL,ISR,ITA,JAM,JOR,JPN,KAZ,KEN,KGZ,KHM,KOR,KWT,LAO,LBN,LBR,LBY,LKA,LSO,LTU,LUX,LVA,MAR,MDA,MDG,MDV,MEX,MKD,MLI,MLT,MMR,MNE,MNG,MOZ,MRT,MUS,MWI,MYS,NAM,NER,NGA,NIC,NLD,NOR,NPL,NZL,OMN,OWID_GDR,OWID_GFR,OWID_KOS,OWID_RVN,OWID_SML,OWID_WRL,OWID_YAR,OWID_YPR,OWID_ZAN,PAK,PAN,PER,PHL,PNG,POL,PRK,PRT,PRY,QAT,ROU,RUS,RWA,SAU,SDN,SEN,SGP,SLB,SLE,SLV,SOM,SRB,SSD,STP,SUR,SVK,SVN,SWE,SWZ,SYC,SYR,TCD,TGO,THA,TJK,TKM,TLS,TTO,TUN,TUR,TWN,TZA,UGA,UKR,URY,USA,UZB,VEN,VNM,VUT,YEM,ZAF,ZMB,ZWE
1900,,,,,0.0,,,,,,0.0,,,0.0,0.0,,,,0.0,0.0,0.0,,,,0.0,0.0,0.0,,,,,,,,,0.0,,,,0.0,,0.0,0.0,0.0,0.0,0.0,,0.0,,,0.0,,0.0,,0.0,,,,,,,0.0,0.0,0.0,0.0,0.0,,0.0,,,0.0,0.0,,,0.0,,0.0,0.0,,0.0,,,,,,,,,0.0,,0.0,,,,,,,,,0.0,,,,,,,,,,,,,,,0.0,0.0,0.0,,0.0,,,,,,,0.0,,,,0.0,,0.0,0.0,,,,0.0,0.0,,0.0,,,,,,0.0,,,0.0,,0.0,,,,,,0.0,,,,,,,,,,,,,,,,,0.0,0.0,,0.0,,,,0.0,,0.0
1901,,,,,0.0,,0.0,,,,0.0,,,0.0,0.0,,,,0.0,0.0,0.0,,,,0.0,0.0,0.0,,,,,,,,,0.0,,,,0.0,,0.0,0.0,0.0,0.0,0.0,,0.0,,,0.0,,0.0,,0.0,,,,0.0,,,0.0,0.0,0.0,0.0,0.0,,0.0,,,0.0,0.0,,,0.0,,0.0,0.0,,0.0,,,,,,,,,0.0,,0.0,,,,,,,,,0.0,,,,,,,,,,,,,,,0.0,0.0,0.0,,0.0,,,,,,,0.0,,,,0.0,,0.0,0.0,,,,0.0,0.0,,0.0,,,,,,0.0,,,0.0,,0.0,,,,,,0.0,,,,,,,,,,,,,,,,,0.0,0.0,,0.0,,,,0.0,,0.0
1902,,,,,0.0,,0.0,,,,0.0,,,0.0,0.0,,,,0.0,0.0,0.0,,,,0.0,0.0,0.0,,,,,,,,,0.0,0.0,,,0.0,,0.0,0.0,0.0,0.0,0.0,,0.0,,,0.0,,0.0,,0.0,,,,0.0,,,0.0,0.0,0.0,0.0,0.0,,0.0,,,0.0,0.0,,,0.0,,0.0,0.0,,0.0,,,,,,,,,0.0,,0.0,,,,,,,,,0.0,,,,,,,,,,,,,,,0.0,0.0,0.0,,0.0,,,,,,,0.0,,,,0.0,,0.0,0.0,,,,0.0,0.0,,0.0,,,,,,0.0,,,0.0,,0.0,,,,,,0.0,,,,,,,,,,,,,,,,,0.0,0.0,,0.0,,,,0.0,,0.0
1903,,,,,0.0,,0.0,,,,0.0,,,0.0,0.0,,,,0.0,0.0,0.0,,,,0.0,0.0,0.0,,,,,,0.0,,,0.0,0.0,,,0.0,,0.0,0.0,0.0,0.0,0.0,,0.0,,,0.0,,0.0,,0.0,,,,0.0,,,0.0,0.0,0.0,0.0,0.0,,0.0,,,0.0,0.0,,,0.0,,0.0,0.0,,0.0,,,,,,,,,0.0,,0.0,,,,,,,,,0.0,,,,,,,,,,,,,,,0.0,0.0,0.0,,0.0,,,,,,,0.0,,,,0.0,,0.0,0.0,,,,0.0,0.0,,0.0,,,,,,0.0,,,0.0,,0.0,,,,,,0.0,,,,,,,,,,,,,,,,,0.0,0.0,,0.0,,,,0.0,,0.0
1904,,,,,0.0,,0.0,,,,0.0,,,0.0,0.0,,,,0.0,0.0,0.0,,,,0.0,0.0,0.0,,,,,,,,,0.0,0.0,,,0.0,,0.0,0.0,0.0,0.0,0.0,,0.0,,,0.0,0.0,0.0,,0.0,,,,0.0,,,0.0,0.0,0.0,0.0,0.0,,0.0,,,0.0,0.0,,,0.0,,0.0,0.0,,0.0,,,,,,,,,0.0,,0.0,,,,,,,,,0.0,,,,,,,,,,,,,,,0.0,0.0,0.0,,0.0,,,,,,,0.0,,,,0.0,0.0,0.0,0.0,,,,0.0,0.0,,0.0,,,,,,0.0,,,0.0,,0.0,,,,,,0.0,,,,,,,,,,,,,,,,,0.0,0.0,,0.0,,,,0.0,,0.0
1905,,,,,0.0,,0.0,,,,0.0,,,0.0,0.0,,,,0.0,0.0,0.0,,,,0.0,0.0,0.0,,,,,,0.0,,,0.0,0.0,,,0.0,,0.0,0.0,0.0,0.0,0.0,,0.0,,,0.0,0.0,0.0,,0.0,,,,0.0,,,0.0,0.0,0.0,0.0,0.0,,0.0,,,0.0,0.0,,,0.0,,0.0,0.0,,0.0,,,,,,,,,0.0,,0.0,,,,,,,,,0.0,,,,,,,,,,,,,,,0.0,0.0,0.0,,0.0,,,,,,,0.0,,,,0.0,0.0,0.0,0.0,,,,0.0,0.0,,0.0,,,,,,0.0,,,0.0,,0.0,,,,,,0.0,,,,,,,,,,,,,,,,,0.0,0.0,,0.0,,,,0.0,,0.0
1906,,,,,0.0,,0.0,,0.0,,0.0,,,0.0,0.0,,,0.0,0.0,0.0,0.0,,,,0.0,0.0,0.0,,,,,,0.0,,,0.0,0.0,,,0.0,,0.0,0.0,0.0,0.0,0.0,,0.0,0.0,,0.0,0.0,0.0,,0.0,0.0,,,0.0,,,0.0,0.0,0.0,0.0,0.0,,0.0,,,0.0,0.0,0.0,,0.0,,0.0,0.0,,0.0,0.0,,0.0,,,,,,0.0,,0.0,,0.0,,0.0,,0.0,,,0.0,,,,,,,,,,,,,,,0.0,0.0,0.0,,0.0,,,,,,,0.0,,,,0.0,0.0,0.0,0.0,,,,0.0,0.0,,0.0,0.0,,,,,0.0,,,0.0,,0.0,,,,,,0.0,,,,,,,0.0,0.0,,,,,,,,,0.0,0.0,,0.0,,,,0.0,,0.0
1907,,,,,0.0,,0.0,,0.0,,0.0,,,0.0,0.0,,,0.0,0.0,0.0,0.0,,,,0.0,0.0,0.0,,,,,,0.0,,,0.0,0.0,,,0.0,,0.0,0.0,0.0,0.0,0.0,,0.0,0.0,,9.5,0.0,0.0,,0.0,0.0,,,0.0,,,0.0,0.0,0.0,0.0,,,0.0,,,0.0,0.0,0.0,,0.0,,0.0,0.0,,0.0,0.0,,0.0,,,,,,0.0,,0.0,,0.0,,0.0,,0.0,,,0.0,,,,,,,,,,0.0,,,,,0.0,0.0,0.0,,0.0,,,,,,,0.15833333,,,,0.0,0.0,0.0,0.0,,,,0.0,0.0,,0.0,0.0,,,,,0.0,,,0.0,,0.0,,,,,,0.0,,,,,,,0.0,0.0,,,,,,,,,0.0,0.0,,0.0,,,,0.0,,0.0
1908,,,,,0.0,,0.0,,0.0,,0.0,,,0.0,0.0,,,0.0,0.0,0.0,0.0,,,,0.0,0.0,0.0,,,,,,0.0,,,0.0,0.0,,,0.0,,0.0,0.0,0.0,0.0,0.0,,0.0,0.0,,12.5,0.0,0.0,,0.0,0.0,,,0.0,,,0.0,0.0,0.0,0.0,0.0,,0.0,,,0.0,0.0,,0.0,0.0,0.0,0.0,0.0,,0.0,0.0,0.0,0.0,,,,,,0.0,,0.0,,0.0,,0.0,,0.0,,,0.0,0.0,,,,,,,,,0.0,,,,,0.0,0.0,0.0,,0.0,,,,,,,0.20491803,,,,0.0,0.0,0.0,0.0,,,,0.0,,,0.0,0.0,,,,,0.0,,,0.0,,0.0,,,,,,0.0,,,0.0,,,,0.0,0.0,,,,0.0,,,,,0.0,0.0,,0.0,,,0.0,0.0,,0.0
1909,,,,,0.0,,0.0,,0.0,,0.0,,,0.0,0.0,,,0.0,0.0,0.0,0.0,,,,0.0,0.0,0.0,,,,,,0.0,,,0.0,0.0,,,0.0,,0.0,0.0,0.0,0.0,0.0,,0.0,0.0,,10.5,0.0,0.0,,0.0,0.0,,,0.0,,,0.0,0.0,0.0,0.0,0.0,,0.0,,,0.0,0.0,0.0,0.0,0.0,0.0,0.0,0.0,,0.0,0.0,0.0,0.0,,,,,,0.0,,0.0,,0.0,,0.0,,0.0,,,0.0,0.0,,,,,,,,,0.0,,,,,0.0,0.0,0.0,,0.0,,,,,,,0.16666667,,,,0.0,0.0,0.0,0.0,,,,0.0,0.0,,0.0,0.0,,,,,0.0,,,0.0,,0.0,,,,,,0.0,,,0.0,,,,0.0,0.0,,,,0.0,,,,,0.0,0.0,,0.0,,,0.0,0.0,,0.0
1910,,,,,0.0,,0.0,,0.0,,0.0,,,0.0,0.0,,,0.0,0.0,0.0,0.0,,,,0.0,0.0,0.0,,,,,,0.0,,,0.0,0.0,,,0.0,,0.0,0.0,0.0,0.0,0.0,,0.0,0.0,,8.5,0.0,0.0,,0.0,0.0,,,0.0,,,0.0,0.0,0.0,0.0,0.0,,0.0,,,0.0,0.0,0.0,0.0,0.0,0.0,0.0,0.0,,0.0,0.0,0.0,0.0,,,,,,0.0,,0.0,,0.0,,0.0,,0.0,,,0.0,0.0,,,,,,,,,0.0,,,,,0.0,0.0,0.0,,0.0,,,,,,,0.13709678,,,,0.0,0.0,0.0,0.0,,,,,0.0,,0.0,0.0,,,,,0.0,,,0.0,,0.0,,,,,,0.0,,,0.0,,,,0.0,0.0,,,,0.0,,,,,0.0,0.0,,0.0,,,0.0,0.0,,0.0
1911,,,,,0.0,,0.0,,0.0,,0.0,,,0.0,0.0,,,0.0,0.0,0.0,0.0,,,,0.0,0.0,0.0,,,,,,0.0,,,0.0,0.0,,,0.0,,0.0,0.0,0.0,0.0,0.0,,0.0,0.0,,7.0,0.0,0.0,,0.0,0.0,,,0.0,,,0.0,0.0,0.0,0.0,0.0,,0.0,,,0.0,0.0,,0.0,0.0,0.0,0.0,0.0,,0.0,0.0,0.0,0.0,,,,,,0.0,,0.0,,0.0,,0.0,,0.0,,,0.0,0.0,,,,,,,,,0.0,,,,,0.0,0.0,0.0,,0.0,,,,,,,0.11290322,,,,0.0,0.0,0.0,0.0,,,,0.0,0.0,,0.0,0.0,,,,,0.0,,,0.0,,0.0,,,,,,0.0,,,0.0,,,,0.0,0.0,,,,0.0,,,,,0.0,0.0,,0.0,,,0.0,0.0,,0.0
1912,,,0.0,,0.0,,0.0,,0.0,,0.0,,,0.0,0.0,,,0.0,0.0,0.0,0.0,,,,0.0,0.0,0.0,,,,,,0.0,,,0.0,0.0,,,0.0,,0.0,0.0,0.0,0.0,0.0,,0.0,0.0,,7.0,0.0,0.0,,0.0,0.0,,,0.0,,,0.0,0.0,0.0,0.0,0.0,,0.0,,,0.0,0.0,,0.0,0.0,0.0,0.0,0.0,,0.0,0.0,0.0,0.0,,,,,,0.0,,0.0,,0.0,,0.0,,0.0,,,0.0,0.0,,,,,,,,,0.0,,,,,0.0,0.0,0.0,,0.0,,,,,,,0.11111111,,,,0.0,0.0,0.0,0.0,,,,0.0,0.0,,0.0,0.0,,,,,0.0,,,0.0,,0.0,,,,,,0.0,,,0.0,,,,0.0,0.0,,,,0.0,,,,,0.0,0.0,,0.0,,,0.0,0.0,,0.0
1913,,,0.0,,0.0,,0.0,,0.0,,0.0,,,0.0,0.0,,,0.0,0.0,0.0,0.0,,,,0.0,0.0,0.0,0.0,,,,,0.0,,,0.0,0.0,,,0.0,,0.0,0.0,0.0,0.0,,,0.0,0.0,,10.5,0.0,0.0,,0.0,0.0,,,0.0,,,0.0,0.0,0.0,0.0,0.0,,0.0,,,0.0,0.0,,0.0,0.0,0.0,0.0,0.0,,0.0,0.0,0.0,0.0,,,,,,0.0,,0.0,,0.0,,0.0,,0.0,,,,0.0,,,,,,,,,0.0,,,,,0.0,0.0,0.0,,0.0,,,,,,,0.16935484,,,,0.0,0.0,0.0,0.0,,,,0.0,0.0,,0.0,0.0,,,,,0.0,,,0.0,,0.0,,,,,,0.0,,,0.0,,,,0.0,0.0,,,,0.0,,,,,0.0,0.0,,0.0,,,0.0,0.0,,0.0
1914,,,0.0,,0.0,,0.0,,0.0,,,,,0.0,0.0,,,0.0,0.0,0.0,0.0,,,,0.0,0.0,0.0,,,,,,0.0,,,0.0,0.0,,,0.0,,0.0,0.0,0.0,0.0,,,0.0,0.0,,10.5,0.0,0.0,,0.0,0.0,,,0.0,,,0.0,0.0,0.0,0.0,0.0,,0.0,,,0.0,0.0,0.0,0.0,0.0,0.0,0.0,0.0,,0.0,0.0,0.0,0.0,,,,,,0.0,,0.0,,0.0,,0.0,,0.0,,,,0.0,,,,,,,,,0.0,,,,,0.0,0.0,0.0,,0.0,,,,,,,0.17213115,,,,0.0,0.0,0.0,0.0,,,,0.0,0.0,,0.0,0.0,,,,,0.0,,,0.0,,0.0,,,,,,0.0,,,0.0,,,,0.0,0.0,,,,0.0,,,,,0.0,0.0,,0.0,,,0.0,0.0,,0.0
1915,,,0.0,,0.0,,0.0,,0.0,,,,,0.0,0.0,,,0.0,0.0,0.0,0.0,,,,0.0,0.0,0.0,,,,,,0.0,,,0.0,0.0,,,0.0,,0.0,0.0,0.0,0.0,,,0.0,0.0,,10.5,0.0,0.0,,0.0,0.0,,,0.0,,,0.0,0.0,0.0,0.0,0.0,,0.0,,,0.0,0.0,0.0,0.0,0.0,0.0,0.0,0.0,,0.0,0.0,0.0,0.0,,,,,,0.0,,0.0,,0.0,,0.0,,0.0,,,,0.0,,,,,,,,,0.0,,,,,0.0,0.0,0.0,,0.0,,,,,,,0.17213115,,,,0.0,0.0,0.0,0.0,,,,0.0,0.0,,0.0,0.0,,,,,0.0,,,0.0,,0.0,,,,,,0.0,,,0.0,,,,0.0,0.0,,,,0.0,,,,,0.0,0.0,,0.0,,,0.0,0.0,,0.0
1916,,,0.0,,0.0,,0.0,,0.0,,,,,0.0,0.0,,,0.0,0.0,0.0,0.0,,,,0.0,0.0,0.0,0.0,,,,,0.0,,,0.0,0.0,,,0.0,,0.0,,0.0,0.0,,,0.0,0.0,,12.0,0.0,0.0,,0.0,0.0,,,0.0,,,0.0,0.0,0.0,0.0,0.0,,0.0,,,0.0,0.0,,0.0,0.0,0.0,0.0,0.0,,0.0,0.0,0.0,0.0,,,,,,0.0,,0.0,,0.0,,0.0,,0.0,,,,0.0,,,,,,,,,0.0,,,,,0.0,0.0,0.0,,0.0,,,,,,,0.2,,,,0.0,0.0,0.0,0.0,,,,0.0,0.0,,0.0,0.0,,,,,0.0,,,0.0,,0.0,,,,,,0.0,,,0.0,,,,0.0,0.0,,,,0.0,,,,,0.0,0.0,,0.0,,,0.0,0.0,,0.0
1917,,,0.0,,0.0,,0.0,,,,,,,0.0,0.0,,,,0.0,0.0,0.0,,,,0.0,0.0,0.0,,,,,,0.0,,,,0.0,,,0.0,,0.0,,0.0,0.0,,,0.0,,,9.0,0.0,0.0,,0.0,,,,0.0,,,0.0,0.0,0.0,0.0,0.0,,0.0,,,0.0,0.0,,0.0,0.0,0.0,0.0,0.0,,0.0,,0.0,,,,,,,0.0,,0.0,,,,,,,,,0.0,0.0,,,,,,,,,0.0,,,,,0.0,0.0,0.0,,0.0,,,,,,,0.15517241,,,,0.0,0.0,0.0,0.0,,,,0.0,0.0,,0.0,,,,,,0.0,,,0.0,,0.0,,,,,,0.0,,,0.0,,,,,,,,,0.0,,,,,0.0,0.0,,0.0,,,0.0,0.0,,0.0
1918,,,0.0,,0.0,0.0,0.0,,0.0,,,,,0.0,0.0,,,0.0,0.0,0.0,0.0,,,,0.0,0.0,0.0,0.0,,,,,0.0,,,,0.0,,0.0,0.0,,3.0,,0.0,0.0,,,0.0,,,9.0,0.0,0.0,,0.0,0.0,,,0.0,,,0.0,0.0,0.0,0.0,0.0,,,0.0,,0.0,0.0,,0.0,0.0,0.0,0.0,0.0,,0.0,0.0,0.0,0.0,,,,,,0.0,,0.0,,,,0.0,,0.0,,,0.0,0.0,,,,,,,,,0.0,,,,,0.0,1.0,0.0,,0.0,,,,,,,0.21311475,,,,0.0,0.0,0.0,0.0,,,,0.0,0.0,,0.0,0.0,,,,,0.0,,,0.0,,0.0,,,,0.0,,0.0,,,,,,,0.0,0.0,,,,0.0,,,,,0.0,0.0,,0.0,,,,0.0,,0.0
1919,,,0.0,,0.0,0.0,0.0,,0.0,,0.0,,,0.0,0.0,,0.0,0.0,0.0,0.0,0.0,,,,0.0,0.0,0.0,0.0,,,,,0.0,,,0.0,0.0,,0.0,9.69,,3.0,,0.0,0.0,,,0.0,,,8.5,0.0,0.0,,0.1,0.0,,,0.0,,,0.0,0.0,0.0,0.0,0.0,,,0.0,,0.0,0.0,,0.0,0.0,0.0,0.0,0.0,,0.0,0.0,0.0,0.0,,,,,,0.0,,0.0,,,,0.0,,0.0,,,0.0,0.0,,,,,,,,,0.0,,,,,0.0,1.0,0.0,,0.0,,,,,,,0.34292307,,,,0.0,0.0,0.0,0.0,,,,0.0,0.0,,0.0,0.0,,,,,0.0,,,0.0,,0.0,,,,0.0,0.0,0.0,,,0.0,,,,0.0,0.0,,,,0.0,,,,,0.0,0.0,,0.0,,,,0.0,,0.0
1920,,,,,0.0,0.0,0.0,0.0,0.0,,0.0,,,0.0,0.0,,0.0,0.0,0.0,0.0,0.0,,,,0.0,0.0,0.0,,,,,,0.0,,,0.0,0.0,,0.0,7.84,,2.0,,0.0,0.0,,,0.0,,,8.5,0.0,0.0,,0.1,0.0,,,0.0,,,0.0,0.0,0.0,0.0,0.0,,,0.0,,0.0,0.0,,,0.0,,0.0,0.0,,0.0,0.0,0.0,0.0,,,,,,0.0,,0.0,,0.0,,,,,,,0.0,0.0,,,,,,,,,0.0,,,,,0.0,1.0,0.0,,0.0,,,,,,,0.30375,,,,0.0,0.0,0.0,0.0,,,,0.0,0.0,,0.0,0.0,,,,,0.0,,,0.0,,0.0,,,,0.0,0.0,0.0,,,,,,,0.0,0.0,,,,0.0,,,,,0.0,0.0,,0.0,,,,0.0,,0.0
1921,,,0.0,,0.0,0.0,0.0,0.0,0.0,,0.5,,,0.0,0.0,,0.0,0.0,0.0,0.0,0.0,,,,0.43,0.0,0.0,,,,,,0.0,,,0.0,0.0,,0.0,7.84,,2.0,,0.0,0.0,,,0.0,0.0,,8.5,0.0,0.0,,0.1,0.0,,,0.0,,,0.0,0.0,0.0,0.0,0.0,,,0.0,,0.0,0.0,,,0.0,,0.0,0.0,,0.0,0.0,0.0,0.0,,,,,,0.0,,0.0,,0.0,,,,,,,0.0,0.0,,,,,,,,,0.0,,,,,0.0,1.0,0.7,,0.0,,,,,,,0.35617647,,,,0.0,0.0,0.0,0.0,,1.85,,0.0,0.0,,0.0,0.0,,,,,0.0,,,0.0,,0.0,,,,0.0,0.0,1.3,,,,,,,0.0,0.0,,,,0.0,,,0.0,,0.0,0.0,0.0,0.0,,,,0.0,,0.0
1922,,,0.0,,0.0,0.0,0.0,0.0,0.0,,0.5,,,0.0,0.0,,0.0,0.0,0.0,0.0,0.0,,,,0.43,0.0,0.0,0.0,,,,,0.0,,,0.0,0.0,,0.0,7.84,,2.0,,0.0,0.0,,,0.0,0.0,,10.0,0.0,0.0,,0.3,0.0,,,0.0,,,0.0,0.0,0.0,0.0,0.0,,,0.0,,0.0,0.0,0.0,,,,0.0,0.0,,0.0,0.0,0.0,0.0,,,,,0.0,0.0,,0.0,,0.0,,,,,,,0.0,0.0,,,0.0,,,,,,0.0,,,,,0.0,7.0,0.7,,0.0,,,,,,,0.45197183,,,,0.0,0.0,0.0,0.0,,2.02,,0.0,0.0,,0.0,0.0,,,,,0.0,,,0.0,,0.0,,,,0.0,0.0,1.3,,,,,,,0.0,0.0,,,,0.0,,,0.0,,0.0,0.0,0.0,0.0,,,,0.0,,0.0
1923,0.0,,,,0.0,0.0,0.0,0.0,0.0,,0.5,,,0.0,,,0.0,0.0,0.0,0.0,0.0,,,,0.43,0.0,0.0,0.0,,,,,0.0,,,0.0,0.0,,0.0,7.84,,2.0,,0.0,0.0,0.0,,,0.0,,10.0,0.0,0.0,,1.3,0.0,,,0.0,,,0.0,0.0,0.0,0.0,0.0,,,0.0,,0.0,0.0,0.0,,,,0.0,0.0,,0.0,0.0,0.0,0.0,,,,,0.0,0.0,,0.0,,0.0,,,,,,,0.0,0.0,,,0.0,,,,,,0.0,,,,,0.0,7.0,0.7,,0.0,,,,,,,0.47271428,,,,0.0,0.0,0.0,0.0,,2.02,,0.0,0.0,,0.0,0.0,,,,,0.0,,,0.0,,0.0,,,,0.0,0.0,1.3,,,,,,,0.0,0.0,,,,0.0,,,0.0,,0.0,0.0,0.0,0.0,,,,0.0,,0.0
1924,0.0,,,,0.0,0.0,0.0,0.0,0.0,,0.5,,,0.0,0.0,,0.0,0.0,0.0,0.0,0.0,,,,0.43,0.0,,,,,,,0.0,,,0.0,0.0,,0.0,6.9,,2.0,0.0,0.0,0.0,0.0,,,0.0,,8.5,0.0,0.0,,0.7,0.0,,,0.0,,,0.0,0.0,0.0,0.0,,,,0.0,,0.0,0.0,0.0,,,,0.0,0.0,,0.0,0.0,0.0,0.0,,,,,0.0,0.0,,0.0,,0.0,,,,,,,0.0,0.0,,,0.0,,0.0,,,,0.0,,,,,0.0,7.0,0.0,,0.0,,,,,,,0.4192857,,,,0.0,0.0,0.0,0.0,,2.02,,0.0,0.0,,0.0,0.0,,,,,0.0,,,0.0,,0.0,,,,0.0,0.0,1.3,,,,,,,0.0,0.0,,,,0.0,,,0.0,,0.0,0.0,0.0,0.0,,,,0.0,,0.0
1925,0.0,,0.0,,0.0,0.0,0.0,0.0,0.0,,0.526,,,0.0,0.0,,0.0,0.0,0.0,0.0,0.0,,,,0.41,0.0,,,,,,,0.0,,,0.0,0.0,,0.0,6.9,,2.0,0.0,0.0,0.0,0.0,,,0.0,,8.5,0.0,0.0,,0.7,0.0,,,0.0,,,,0.0,0.0,0.0,0.0,,,0.0,,0.0,0.0,0.0,0.0,,,0.0,0.0,,0.0,0.0,0.0,0.0,,,,,0.0,0.0,,0.0,,0.0,,,,,,,0.0,0.0,,,0.0,,0.0,,,,0.0,,,,,0.0,6.0,0.0,,0.0,,,,,,,0.39254794,,,,0.0,0.0,0.0,0.0,,2.02,,0.0,0.0,,0.0,0.0,,,,,0.0,,,0.0,,0.0,,,,0.0,0.0,1.6,,,,,,,0.0,0.0,,0.0,,0.0,,,0.0,,0.0,0.0,0.0,0.0,,,,0.0,,0.0
1926,0.0,,0.0,,0.0,0.0,0.0,0.0,0.0,,0.553,,,0.0,0.0,,0.0,0.0,0.0,0.0,0.0,,,,0.41,0.0,,,,,,,0.0,,,0.0,0.0,,0.0,6.9,,2.0,0.0,0.0,0.0,0.0,,,0.0,,8.5,0.0,0.0,,0.7,0.0,,,0.0,,,,0.0,0.0,0.0,0.0,,,0.0,,0.0,0.0,0.0,0.0,,,0.0,0.0,,0.0,0.0,0.0,0.0,,,,,0.0,0.0,,0.0,,,,,,,,,0.0,0.0,,,0.0,,0.0,,,,0.0,,0.0,,,0.0,6.0,0.0,,0.0,,,,,,,0.3929178,,,,0.0,0.0,0.0,0.0,,2.02,,,0.0,,0.0,0.0,,,,,0.0,,,0.0,,0.0,,,,0.0,0.0,1.6,,,,,,,0.0,0.0,,0.0,,0.0,,,0.0,,0.0,0.0,0.0,0.0,,,,0.0,0.0,0.0
1927,0.0,,0.0,,0.0,0.0,0.0,0.0,0.0,,0.581,,,0.0,0.0,,0.0,0.0,0.0,0.0,0.0,,,,0.41,0.0,,,,,,,0.0,,,0.0,0.0,,0.0,6.9,,2.0,0.0,0.0,0.0,0.0,,,0.0,,8.5,0.0,0.0,,0.7,0.0,,,0.0,,,0.0,0.0,0.0,0.0,0.0,,,0.0,,0.0,0.0,0.0,0.0,,,0.0,0.0,,0.0,0.0,0.0,0.0,,,,,0.0,0.0,,0.0,,,,,,,,,0.0,0.0,,,0.0,,0.0,,,,0.0,,0.0,,,0.0,6.0,0.7,,0.0,,,,,,,0.39744595,,,,0.0,0.0,0.0,0.0,,2.02,,,0.0,,0.0,0.0,,,,,0.0,,,0.0,,0.0,,,,0.0,0.0,1.6,,,,,,,0.0,0.0,,0.0,,0.0,,,0.0,,0.0,0.0,0.0,0.0,,,,0.0,0.0,0.0
1928,0.0,,0.0,,0.0,0.0,0.0,0.0,0.0,,0.611,,,0.0,0.0,,0.0,0.0,0.0,0.0,0.0,,,,0.41,0.0,,,,,,,0.0,,,0.0,0.0,,0.0,6.92,,2.0,0.0,0.0,0.0,0.0,,,0.0,,8.5,0.0,0.0,,0.7,0.0,,,0.0,,,0.0,0.0,0.0,0.0,0.0,,,0.0,,0.0,0.0,0.0,0.0,,,0.0,0.0,,0.0,0.0,0.0,0.0,,,,,0.0,0.0,,0.0,,,,,,,,,0.0,0.0,,,0.0,,0.0,,,,0.0,,0.0,,,0.0,6.0,0.7,,0.0,,,,,,,0.38988,,,,0.0,0.0,0.0,0.0,,1.8,,,0.0,,0.0,0.0,,,,,0.0,,,0.0,,0.0,,,,0.0,0.0,1.6,,,0.0,,,,0.0,0.0,,0.0,,0.0,,,0.0,,0.0,0.0,0.0,0.0,,,,0.0,0.0,0.0
1929,0.0,,0.0,,0.0,0.0,0.0,0.0,0.0,,0.642,,,0.0,0.0,,0.0,0.0,0.0,0.0,0.0,,,,0.41,0.0,,,,,,,0.0,,,0.0,0.0,,0.0,6.92,,3.0,0.0,0.0,0.0,0.0,,,0.0,,7.5,0.0,0.0,,0.0,0.0,,,0.0,,,0.0,0.0,0.0,0.0,0.0,,,0.0,,0.0,0.0,0.0,0.0,,,0.0,0.0,0.0,0.0,0.0,0.0,0.0,,,,,0.0,0.0,,0.0,,,,,,,,,0.0,0.0,,,0.0,,0.0,,,,0.0,,0.0,,,0.0,7.0,0.7,,0.0,,,,,,,0.38762668,,,,0.0,0.0,0.0,0.0,,1.8,,,0.0,,0.0,0.0,,,,,0.0,,,0.0,,0.0,,,,0.0,0.0,1.1,,,,,,,0.0,0.0,,0.0,,0.0,,,0.0,,0.0,0.0,0.0,0.0,,,,0.0,0.0,0.0
1930,0.0,,0.0,,,0.0,0.0,0.0,0.0,,0.675,,,0.0,0.0,,,0.0,0.0,,0.0,,,,0.41,0.0,,,,,,,0.0,,,0.0,0.0,,0.0,6.41,,3.0,0.0,0.0,0.0,0.0,,,0.0,,5.5,0.0,0.0,,0.0,0.0,,,0.0,,,0.0,0.0,0.0,0.0,0.0,,0.0,0.0,,0.0,0.0,0.0,0.0,,,0.0,0.0,0.0,0.0,0.0,0.0,0.0,,,,,0.0,0.0,,0.0,,,,,,,,,0.0,,,,0.0,,0.0,,,,0.0,,0.0,,,0.0,7.0,1.3,,0.0,,,,,,,0.3940411,,,,0.0,0.0,0.0,0.0,,3.37,,,0.0,,0.0,0.0,,,,,0.0,,,0.0,,,,,,0.0,,1.1,,,,,,,0.0,0.0,,0.0,,0.0,,,0.0,,0.0,0.0,0.0,0.0,,,,0.0,0.0,0.0
1931,0.0,,0.0,,0.0,0.0,0.0,0.0,0.0,,0.709,,,0.0,0.0,,,0.0,0.0,,0.0,,,,0.41,0.0,,,,,,,0.0,,,0.0,0.0,,0.0,6.41,,3.0,0.0,0.0,0.0,0.0,,0.0,0.0,0.0,5.5,0.0,0.0,,2.4,0.0,,,0.0,,,0.0,0.0,0.0,0.0,0.0,,0.0,0.0,,0.0,0.0,0.0,0.0,,,0.0,0.0,0.0,0.0,0.0,0.0,0.0,,,,,0.0,0.0,,3.4,,,,,,,,,0.0,,,,0.0,,0.0,,,,0.0,,0.0,,,0.0,7.0,1.3,,0.0,,,,,,,0.46755406,,,,0.0,0.0,,0.0,,3.37,,,0.0,,0.0,0.0,,,,,0.0,,,,,,,,,0.0,,1.1,,,,,,,0.0,0.0,,0.0,,0.0,,,0.0,,0.0,0.0,0.0,0.0,,,,0.0,0.0,0.0
1932,0.0,,0.0,,0.0,0.0,0.0,0.0,0.0,,0.746,,,0.0,0.0,,0.0,0.0,0.0,,0.0,,,,0.41,0.0,0.0,,,,,,0.0,,,0.0,0.0,,0.0,5.65,,3.0,0.0,0.0,0.0,0.0,,0.0,0.0,0.0,5.5,0.0,0.0,,2.4,0.0,,,0.0,,,0.0,0.0,0.0,0.0,0.0,,0.0,0.0,,0.0,0.0,0.0,0.0,,,0.0,0.0,0.0,0.0,0.0,0.0,0.0,,,,,0.0,0.0,,3.4,,,,,,,,0.0,0.0,0.0,,,0.0,,0.0,,,,0.0,,0.0,,,0.0,7.0,1.3,,0.0,,,,,,,0.41822222,,,,0.0,0.0,,0.0,,3.37,,0.0,0.0,,0.0,0.0,,,,,0.0,,,0.0,,0.0,,,,0.0,0.0,1.1,,,0.0,,,0.0,0.0,0.0,,0.0,,0.0,,,0.0,,0.0,0.0,0.0,0.0,,,,0.0,0.0,0.0
1933,0.0,,0.0,,0.0,0.0,0.0,,0.0,,0.784,,,0.0,0.0,,0.0,0.0,0.0,,0.0,,,,0.41,0.0,0.0,,,,,,0.0,,,0.0,0.0,,0.0,3.09,,3.0,0.0,0.0,0.0,0.0,,0.0,0.0,0.0,7.0,0.0,0.0,,2.4,0.0,,,0.0,,,0.0,0.0,0.0,0.0,0.0,,0.0,0.0,,0.0,0.0,0.0,0.0,,,0.0,0.0,0.0,0.0,0.0,0.0,0.0,,,,,0.0,0.0,,3.4,,,,,,,,0.0,0.0,0.0,,,0.0,,0.0,,,,0.0,,0.0,,,0.0,5.0,2.0,,1.25,,,,,,,0.43251947,,,,0.0,0.0,,0.0,,3.37,,0.0,0.0,,0.0,0.0,,,,,0.0,,,0.0,,0.0,,,,0.0,0.0,1.6,,,,,,0.0,0.0,0.0,,0.0,,0.0,,,0.0,,,0.0,0.0,0.0,,,,,0.0,0.0
1934,0.0,,0.0,,0.0,,0.0,,,,0.824,,,0.0,,,0.0,,0.0,,0.0,,,,0.41,0.0,0.0,,,,,,0.0,,,0.0,0.0,,0.0,,,3.0,0.0,0.0,0.0,0.0,,0.0,,0.0,7.0,0.0,0.0,,2.4,,,,0.0,,,0.0,0.0,0.0,0.0,0.0,,0.0,0.0,,0.0,0.0,0.0,0.0,,,0.0,0.0,0.0,0.0,,0.0,,,,,,0.0,0.0,,3.4,,,,,,,,0.0,0.0,0.0,,,0.0,,0.0,,,,0.0,,0.0,,,0.0,5.0,2.0,,1.25,,,,,,,0.40883783,,,,0.0,0.0,,0.0,,3.37,,0.0,0.0,,0.0,,,,,,0.0,,,0.0,,0.0,,,,0.0,0.0,1.6,,,,,,0.0,,,,0.0,,0.0,,,0.0,,0.0,0.0,,0.0,,,,,0.0,0.0
1935,0.0,,0.0,,0.0,,0.0,,,,0.866,,,0.0,,,0.0,,0.0,0.0,0.0,,,,0.82,0.0,0.0,,,,,,0.0,,,0.0,0.0,,0.0,,,2.0,0.0,0.0,,0.0,,0.0,,0.0,7.0,0.0,0.0,,1.5,,,,0.0,,,,0.0,0.0,0.0,0.0,,0.0,0.0,,0.0,0.0,0.0,0.0,,,0.0,0.0,0.0,0.0,,0.0,,,,,,0.0,0.0,,3.4,,,,,,,,0.0,0.0,0.0,,,0.0,,0.0,,,,0.0,,0.0,,,0.0,5.0,2.0,,0.0,,,,,,,0.45556164,,,,0.0,0.0,,0.0,,0.97,,3.3,0.0,,0.0,,,,,,0.0,,,0.0,,0.0,,,,0.0,0.0,1.6,,,,,,0.0,,,,0.0,,4.8,,,0.0,,0.0,0.0,,0.0,,,,,0.0,0.0
1936,0.0,,0.0,,0.0,,0.0,,,,0.91,,,0.0,,,0.0,,,0.0,0.0,,,,0.82,0.0,0.0,,,,,,0.0,,,0.0,0.0,,0.0,,,2.0,0.0,0.0,,0.0,,0.0,,,8.0,0.0,0.0,,1.5,,,,0.0,,,,0.0,0.0,0.0,0.0,,0.0,0.0,,0.0,0.0,0.0,0.0,,,0.0,0.0,0.0,0.0,,0.0,,,,,,0.0,0.0,,1.7,,,,,,,,0.0,0.0,0.0,,,0.0,,0.0,,,,0.0,,0.0,,,0.0,5.0,0.7,,0.0,,,,,,,0.45347223,,,,0.0,0.0,,0.0,,0.97,,3.3,,,0.0,,,,,,0.0,,,0.0,,0.0,,,,0.0,0.0,1.6,,,0.0,,,0.0,,,,0.0,,4.8,,,0.0,,0.0,0.0,,0.0,,,,1.35,0.0,0.0
1937,0.0,,,,0.0,,0.0,,,,0.957,,,0.0,,,0.0,,,,0.0,,,,0.82,0.0,0.0,,,,,,0.0,,,0.0,0.0,,0.0,,,2.0,0.0,0.0,,0.0,,0.0,,,8.0,0.0,0.0,,1.5,,,,0.0,,,,0.0,0.0,0.0,0.0,,0.0,0.0,,0.0,0.0,0.0,0.0,,,0.0,0.0,0.0,0.0,,0.0,,,,,,0.0,0.0,,1.7,,,,,,,,0.0,0.0,0.0,,,0.0,,0.0,,,,0.0,,0.0,,,0.0,3.0,0.7,,0.0,,,,,,,0.4464366,,,,0.0,0.0,,0.0,,0.97,,3.3,0.0,,0.0,,,,,,0.0,,,0.0,,0.0,,,,0.0,0.0,2.6,,,0.0,,,0.0,,,,0.0,,4.8,,,0.0,,0.0,0.0,,0.0,,,,1.35,0.0,0.0
1938,0.0,,,,0.0,,0.0,,,,1.006,,,0.0,0.0,,0.0,,0.0,,0.0,,,,0.82,0.0,0.0,,,,,,0.0,,,0.0,0.0,,0.0,,,2.0,0.0,0.0,0.0,0.0,,0.0,0.0,,8.0,0.0,0.0,,1.5,,,,0.0,,,,0.0,0.0,0.0,0.0,,0.0,0.0,,0.0,0.0,0.0,0.0,,,0.0,0.0,0.0,0.0,,0.0,,,,,,0.0,0.0,,1.7,,,,,,,,0.0,0.0,0.0,,,0.0,,0.0,,,,0.0,,0.0,,,0.0,3.0,0.7,,0.0,,,,,,,0.41674668,,,,0.0,0.0,,0.0,,0.48,,3.3,0.0,,0.0,,,,,,0.0,,,0.0,,0.0,,,,0.0,0.0,2.6,,,0.0,,,0.0,,,,0.0,,4.8,,,0.0,,0.0,0.0,,0.0,,,,1.35,0.0,0.0
1939,0.0,,,,0.0,,0.0,,,,1.057,,,0.0,,,0.0,,0.0,,0.0,,,,0.82,0.0,0.0,,,,,,0.0,,,0.0,0.0,,,,,2.305,0.0,0.0,0.0,0.0,,,0.0,,8.0,0.0,0.0,,1.5,,,,0.0,,,,0.0,0.0,0.0,0.0,,0.0,0.0,,0.0,0.0,0.0,0.0,,,0.0,0.0,0.0,0.0,,0.0,,,,,,0.0,0.0,,1.7,,,,,,,,0.0,0.0,0.0,,,0.0,,0.0,,,,0.0,,0.0,,,0.0,3.0,0.7,,3.75,,,,,,,0.4826,,,,0.0,0.0,0.0,0.0,,,,3.3,0.0,,,,,,,,0.0,,,0.0,,0.0,,,,,0.0,2.6,,,,,,0.0,,,,0.0,,3.7,,,0.0,,0.0,0.0,,0.0,,,,1.35,0.0,0.0
1940,0.0,,,,0.0,,0.0,,,,,,,0.0,0.0,,0.0,,0.0,,0.0,,,,0.41,0.0,0.0,,,,,,0.0,,,0.0,0.0,,,,,2.656,0.0,0.0,0.0,0.0,,,,,8.0,0.0,,,1.5,,,,0.0,,,,0.0,0.0,0.0,0.0,,0.0,0.0,,0.0,0.0,0.0,0.0,,,0.0,0.0,0.0,0.0,,0.0,,,,,,0.0,0.0,,1.7,,,,,,,,0.0,0.0,0.0,,,0.0,,0.0,,,,0.0,,0.0,,,0.0,,0.7,,3.75,,,,,,,0.44948485,,,,0.0,0.0,0.0,0.0,,,,3.3,,,,,,,,,0.0,,,0.0,,0.0,,,,,0.0,2.6,,,,,,0.0,,,,0.0,,3.7,,,0.0,,0.0,0.0,,0.0,,,,1.35,0.0,0.0
1941,0.0,,,,0.0,,0.0,,,,,,,0.0,0.0,,0.0,,0.0,,0.0,,,,0.41,0.0,0.0,,,,,,0.0,,,0.0,0.0,,,,,3.061,0.0,0.0,0.0,0.0,,,,0.0,8.0,0.0,,,1.5,,,,0.0,,,,0.0,0.0,0.0,0.0,,0.0,0.0,,0.0,0.0,0.0,0.0,,,0.0,0.0,0.0,0.0,,0.0,,,,,,0.0,0.0,,1.7,,,,,,,,0.0,0.0,0.0,,,0.0,,0.0,,,,0.0,,0.0,,,0.0,,,,3.75,,,,,,,0.48416924,,,,0.0,0.0,0.0,,,,,3.3,,,,,,,,,0.0,,,0.0,,0.0,,,,,0.0,4.7,,,,,,0.0,,,,0.0,,3.7,,,0.0,,0.0,0.0,,0.0,,,,1.35,0.0,0.0
1942,0.0,,,,0.0,,0.0,,,,,,,0.0,0.0,,,,0.0,,0.0,,,,0.41,0.0,0.0,,,,,,0.0,,,0.0,,,,,,3.528,0.0,0.0,0.0,0.0,,,,0.0,8.0,0.0,,,1.5,,,,0.0,,,,0.0,0.0,0.0,0.0,0.0,0.0,0.0,,0.0,0.0,0.0,0.0,,,0.0,0.0,0.0,0.0,,0.0,,,,,,0.0,0.0,,1.7,,,,,,,,0.0,0.0,,,,,,0.0,,,,0.0,,0.0,,,0.0,,,,3.75,,,,,,,0.53869843,,,,0.0,0.0,0.0,,,,,2.2,,,,,,,,,0.0,,,0.0,,,,,,,,4.7,,,,,,0.0,,,,0.0,,3.7,,,0.0,,3.1,0.0,,0.0,,,,1.35,0.0,0.0
1943,0.0,,,,,,1.35,,,,,,,0.0,0.0,,,,,,0.0,,,,0.41,0.0,0.0,,,,,,0.0,,,0.0,,,,,,,0.0,0.0,0.0,0.0,,0.0,,0.0,8.0,0.0,,,1.5,,,,0.0,,,,0.0,0.0,0.0,0.0,,0.0,0.0,,0.0,0.0,0.0,0.0,,,,0.0,0.0,0.0,,0.0,,,,,,0.0,0.0,,1.7,,,,,,,,0.0,0.0,,,,,,0.0,,,,0.0,,0.0,,,0.0,,,,3.75,,,,,,,0.5144,,,,0.0,0.0,0.0,,,,,2.2,,,,,,,,,0.0,,,0.0,,,,,,,,4.7,,,0.0,,,0.0,,,,0.0,,3.5,,,0.0,,3.1,0.0,,0.0,,,,0.654,0.0,0.0
1944,0.0,,,,,,1.35,,,,1.357,,,0.0,,,,,0.0,,0.0,,,,0.41,0.0,0.0,,,,,,0.0,,,0.0,,,,,,,0.0,0.0,0.0,0.0,,0.0,,0.0,8.0,0.0,,,1.5,,,,0.0,,,,0.0,0.0,0.0,0.0,,0.0,0.0,,0.0,0.0,0.0,0.0,,,0.0,0.0,0.0,0.0,,0.0,,,,,,0.0,0.0,,1.7,,,,,,,,0.0,0.0,,,,,,0.0,,,,0.0,,0.0,,,0.0,,,,2.5,,,,,,,0.44439682,,,,0.0,0.0,0.0,,,0.48,,2.2,,,,,,,,,0.0,,,0.0,,,,,,,,4.7,,,0.0,,,0.0,,,,0.0,,0.0,,,0.0,,3.1,0.0,,0.0,,,,0.7,0.0,0.0
1945,0.0,,,,,,1.3,5.5,,,1.427,,,0.0,5.8,,,,0.0,,0.0,,,,0.4,0.0,0.0,,,,,,0.0,,,0.0,2.9,,,,,5.4,5.6,0.0,0.0,0.0,,0.4,,0.0,9.0,0.0,,,3.8,,,,0.0,,,,0.0,0.0,0.0,0.0,,0.0,,0.0,0.0,3.6,0.0,0.0,0.0,,0.0,,0.0,0.0,,0.0,,,,,,0.0,0.0,,1.7,,,0.0,,,,,0.0,0.0,,,,,,0.0,,,,0.0,,0.0,,,0.0,,4.7,,2.5,,,,,,,1.0368676,,,,0.0,,0.0,,,0.48,,1.7,,,0.0,,,,,,0.0,,,0.0,,,,,,,,7.8,,,,,,0.0,,,,0.0,,3.3,,,0.0,,0.0,2.5,,0.0,,,,0.7,0.0,0.0
1946,0.0,,3.7,,0.0,17.0,2.7,5.5,17.0,,1.5,,,0.0,8.2,,2.6,17.0,,0.0,0.0,,,0.0,0.4,0.0,0.0,,0.0,,,,0.0,,,0.0,2.9,,9.3,,0.0,5.4,5.6,0.0,0.0,0.0,,0.3,17.0,0.0,9.0,0.0,7.0,0.0,3.8,17.0,,0.0,0.0,,,0.0,0.0,0.0,0.0,0.0,2.6,0.0,2.9,0.0,0.0,3.6,0.0,0.0,1.9,,3.8,,0.0,8.4,17.0,0.0,17.0,,,,,0.0,0.0,,1.7,,17.0,0.0,17.0,,17.0,,0.0,0.0,2.6,,,,,0.0,,0.0,,0.0,,0.0,,,0.0,4.0,4.7,,2.5,,,,,,,1.715862,,,,0.0,4.0,0.0,1.0,,0.48,,1.7,,,5.3,17.0,,,,0.0,0.0,,,0.0,,2.6,,,,9.3,2.6,7.8,,,,,0.0,0.0,17.0,17.0,,,,1.8,,,0.0,17.0,0.0,2.5,17.0,5.6,,,,0.7,0.0,0.0
1947,0.0,,3.7,,0.0,17.0,2.7,5.5,17.0,,1.5,,,,8.2,,2.8,17.0,0.0,0.0,0.0,,,0.0,0.4,0.0,0.0,,0.0,,,0.0,0.0,,,0.0,2.9,,9.3,,0.0,8.7,2.6,0.0,0.0,0.0,,0.3,17.0,0.0,9.0,0.0,7.0,0.0,3.8,17.0,,0.0,0.0,,,0.0,0.0,0.0,0.0,0.0,2.8,0.0,5.4,0.0,,3.6,0.0,0.0,1.9,,3.8,,0.0,3.2,17.0,0.0,17.0,0.0,,,0.0,0.0,0.0,,1.7,,17.0,0.0,17.0,,17.0,0.0,0.0,0.0,2.8,0.0,,,,0.0,,0.0,,0.0,,0.0,,,0.0,4.0,4.7,,2.5,,,,,,,1.5595745,,0.0,,,4.0,0.0,1.0,,0.0,,1.7,,,5.3,17.0,,,,0.0,0.0,,,0.0,,2.8,,,,9.3,2.8,7.8,,,0.0,0.0,0.0,,17.0,17.0,,,,1.8,,,0.0,17.0,0.0,2.5,17.0,5.6,,,,0.7,0.0,0.0
1948,0.0,,3.7,,0.0,17.0,2.7,5.5,17.0,,1.5,,,,8.2,,2.8,17.0,0.0,0.0,0.0,,,0.0,0.4,0.0,0.0,0.0,0.0,,,0.0,0.0,,,,5.6,,16.0,,0.0,8.7,2.6,0.0,0.0,0.0,,0.3,17.0,0.0,9.0,0.0,7.0,0.0,3.8,17.0,,0.0,0.0,,,0.0,0.0,0.0,0.0,0.0,2.8,0.0,5.4,0.0,,3.4,0.0,0.0,1.9,0.0,7.8,,0.0,3.2,17.0,0.0,17.0,0.0,0.5,,0.0,0.0,0.0,,3.0,,17.0,0.0,17.0,,17.0,0.0,0.0,0.0,2.8,0.0,,,,0.0,,0.0,0.0,0.0,,0.0,,,0.0,5.0,4.7,,2.5,,,,,,,1.7264344,,0.0,,,2.4,,1.0,,0.0,12.1,1.7,0.0,,7.21,17.0,,,0.0,0.0,0.0,,,0.0,,2.8,0.0,,,16.0,2.8,9.6,,,0.0,0.0,0.0,0.0,17.0,17.0,,,,1.8,,,0.0,17.0,0.0,1.6,17.0,,,,,1.307,0.0,0.0
1949,0.0,,3.7,,0.0,17.0,0.8,4.8,17.0,,2.4,,0.0,,15.1,,2.8,17.0,0.0,0.0,0.0,,,0.0,0.4,0.0,0.7,,0.0,,,0.0,,,,0.0,5.6,,16.0,,0.0,8.7,2.6,0.0,0.0,0.0,,0.3,17.0,0.0,9.0,0.0,7.0,0.0,3.8,17.0,,0.0,0.0,,,0.0,0.0,0.0,0.0,0.0,2.8,0.0,17.7,0.0,,3.4,0.0,0.0,3.8,10.8,7.8,,0.0,2.6,17.0,0.0,17.0,,0.5,,0.0,0.0,0.0,,5.0,,17.0,0.0,17.0,,17.0,0.0,0.0,0.0,2.8,0.0,,,,0.0,,0.0,0.0,0.0,0.0,0.0,,,0.0,5.0,4.7,,3.8,,0.0,6.8,,,,2.0583496,,0.0,,,2.4,,1.0,,0.0,12.1,1.7,0.0,,7.21,17.0,,,0.0,0.0,0.0,,,0.0,,2.8,0.0,,0.0,16.0,2.8,9.6,,0.0,0.0,0.0,0.0,0.7,17.0,17.0,,,,1.8,,,0.0,17.0,0.0,1.6,17.0,,,,,1.3,0.0,0.0
1950,0.0,,14.0,,0.0,19.6,0.8,4.8,19.6,,3.3,,0.0,,15.1,,3.2,19.6,0.0,0.3,0.0,,,0.0,0.4,0.0,0.7,,0.0,,,0.0,,,,0.0,5.6,,16.0,,0.0,7.9,2.6,0.0,0.0,0.0,,0.3,19.6,0.0,9.0,0.0,7.0,0.0,3.3,19.6,,0.0,0.0,,,0.0,0.0,0.0,0.0,0.0,3.2,0.0,17.7,2.7,0.0,3.4,0.0,0.0,3.8,10.8,7.8,,0.0,2.6,19.6,0.0,19.6,,1.0,,0.0,0.0,0.0,,5.0,0.0,19.6,0.0,19.6,,19.6,0.0,0.0,0.0,3.2,0.0,,,,0.0,,0.0,0.0,0.0,0.0,0.0,,,0.0,5.0,4.7,,3.8,,27.5,6.8,,,,2.4910748,,0.0,,,2.4,0.0,1.0,,0.0,12.1,1.7,0.0,,7.21,19.6,,,0.0,0.0,0.0,,,0.0,,3.2,0.0,,0.0,16.0,3.2,9.6,,0.0,0.0,0.0,0.0,0.7,19.6,19.6,,,,0.6,11.335,,0.0,19.6,0.0,2.1,19.6,,,,,1.3,0.0,0.0
1951,0.0,,14.0,,15.5,19.6,0.0,4.8,19.6,,3.3,,0.0,,15.1,,3.2,19.6,0.0,0.3,,,,0.0,0.4,0.0,1.3,,0.0,,,0.0,0.0,,,0.0,5.6,,16.0,,0.0,7.9,2.6,0.0,0.0,0.0,,0.3,19.6,0.0,9.0,0.0,3.7,0.0,2.7,19.6,0.0,0.0,0.0,,,0.0,0.0,0.0,0.0,0.0,3.2,0.0,17.7,3.4,0.0,3.4,0.0,0.0,3.8,9.2,7.8,,0.0,2.6,19.6,0.0,19.6,0.0,1.0,,0.0,0.0,0.0,,5.0,0.0,19.6,0.0,19.6,,19.6,0.0,0.0,0.0,3.2,0.0,,,,20.0,,0.0,0.0,0.0,0.0,0.0,,,0.0,5.0,4.7,,3.8,,27.5,6.8,,,,2.7163212,,0.0,,,2.4,0.0,1.0,0.0,0.0,12.1,1.7,0.0,,7.21,19.6,,,0.0,0.0,0.0,,,0.0,,3.2,0.0,,0.0,16.0,3.2,9.6,,0.0,0.0,0.0,0.0,,19.6,19.6,,,,0.6,11.069,,0.0,19.6,0.0,2.1,19.6,,,,,1.3,0.0,0.0
1952,0.0,,14.0,,15.5,19.6,0.0,4.8,19.6,,3.3,0.0,0.0,,15.1,,3.2,19.6,0.0,0.3,,,,0.0,0.4,0.0,1.3,,0.0,,,0.0,0.0,,,0.0,5.6,,16.0,,0.0,7.9,5.8,0.0,0.0,0.0,0.0,0.3,19.6,0.0,9.0,0.0,3.7,0.0,2.7,19.6,0.0,0.0,0.0,,,0.3,0.0,0.0,0.0,0.0,3.2,0.0,17.7,3.4,4.0,3.4,0.0,0.0,3.8,9.2,7.8,,0.0,1.9,19.6,0.0,19.6,,1.0,,0.0,0.0,0.0,0.0,2.0,0.0,19.6,0.0,19.6,,19.6,0.0,0.0,0.6,3.2,0.0,,1.3,,20.0,,0.0,0.0,0.0,0.0,0.0,,,0.0,8.0,4.7,,3.8,,27.5,6.8,,,,2.9826372,,0.0,,,1.9,0.0,1.0,0.0,17.6,12.1,1.7,0.0,,15.4,19.6,,,0.0,0.0,0.0,,,0.0,,3.2,0.0,,0.0,16.0,3.2,12.2,,0.0,0.0,0.0,0.0,3.3,19.6,19.6,,,,0.6,11.938,,0.0,19.6,0.0,2.3,19.6,,,,,1.3,0.0,0.0
1953,0.0,,14.0,,15.5,19.6,0.0,5.5,19.6,,3.3,0.0,0.0,,15.7,,5.4,19.6,0.0,0.3,,0.0,,0.0,1.5,0.0,0.7,,0.0,,,0.0,0.0,,,6.7,5.6,,16.0,,0.0,9.5,5.8,0.0,0.0,,0.0,0.3,19.6,0.0,9.0,0.0,3.7,0.0,2.7,19.6,0.0,0.0,0.0,,,0.3,0.0,,0.0,0.0,5.4,0.0,17.4,3.4,4.0,3.4,,0.0,0.0,9.2,5.6,,0.0,1.9,19.6,0.0,19.6,,1.0,,0.0,0.0,0.0,0.0,2.0,0.0,19.6,0.0,19.6,,19.6,0.0,,0.6,5.4,0.0,,1.3,,20.0,,0.0,0.0,0.0,0.0,0.0,,,0.0,8.0,4.7,,3.8,,27.5,8.8,,,,3.1522,,0.0,,,1.9,0.0,1.9,0.0,17.6,12.1,1.7,0.0,,15.4,19.6,,,0.0,0.0,0.0,,,0.0,,5.4,0.0,,0.0,16.0,5.4,12.2,,0.0,0.0,0.0,0.0,3.3,19.6,19.6,,,,0.6,12.119,,0.0,19.6,0.0,2.3,19.6,,,,,1.923,0.0,0.0
1954,0.0,,11.9,,15.5,24.0,0.0,5.5,24.0,,4.2,0.0,0.0,,15.7,,5.4,24.0,0.0,0.3,,0.0,,0.0,1.5,0.0,0.7,12.0,0.0,,,0.0,0.0,,,6.7,5.6,,15.5,,0.0,9.5,5.8,0.0,0.0,,0.0,0.3,24.0,0.0,15.0,0.0,3.7,0.0,2.7,24.0,0.0,0.0,0.0,,,0.3,,,0.0,,5.4,0.0,17.4,3.4,4.0,3.4,0.0,0.0,0.0,9.2,5.6,,0.0,1.9,24.0,0.0,24.0,,0.5,,0.0,0.0,0.0,0.0,2.0,0.0,24.0,0.0,24.0,,24.0,0.0,,0.6,5.4,0.0,,1.3,,22.3,,0.0,0.0,0.0,0.0,0.0,,,0.0,8.0,4.7,,5.0,,24.5,8.8,,,,3.3452,,0.0,,,1.9,0.0,1.9,0.0,17.6,12.1,1.7,0.0,,15.4,24.0,,,0.0,0.0,0.0,,,0.0,,5.4,0.0,,0.0,15.5,5.4,12.2,,0.0,0.0,0.0,0.0,3.3,24.0,24.0,,,,0.7,12.172,,0.0,24.0,0.0,2.7,24.0,,,,,1.9,0.0,0.0
1955,0.0,,11.9,,,24.0,0.0,5.5,24.0,,4.2,0.0,0.0,,15.7,,5.4,24.0,0.0,0.3,,0.0,,0.0,1.5,0.0,0.7,12.0,0.0,,,0.0,0.0,,,6.7,5.6,,15.5,,0.0,9.5,5.8,0.0,0.0,,0.0,0.3,24.0,0.0,15.0,0.0,3.7,0.0,3.8,24.0,0.0,0.0,0.0,,,0.3,0.0,,0.0,,5.4,0.0,17.4,6.3,4.0,3.4,0.0,0.0,0.0,9.2,5.6,,0.0,1.7,24.0,0.0,24.0,0.0,0.5,,0.0,0.0,0.0,0.0,2.0,0.0,24.0,0.0,24.0,,24.0,0.0,,2.5,5.4,0.0,,1.3,,22.3,,0.0,0.0,0.0,0.0,0.0,,,0.0,8.0,4.7,,5.0,,24.5,8.8,,,,3.2277477,,0.0,,,1.9,0.0,1.9,0.0,17.6,12.1,1.7,0.0,,15.4,24.0,,,0.0,0.0,0.0,,,0.0,,5.4,0.0,,0.0,15.5,5.4,12.2,,0.0,0.0,0.0,0.0,3.3,24.0,24.0,,,,0.7,12.28,,0.0,24.0,0.0,2.7,24.0,,,,,1.9,0.0,0.0
1956,0.0,,11.9,,,24.0,0.0,4.8,24.0,,4.2,0.0,0.0,,15.7,,5.4,24.0,1.8,0.3,,0.0,,0.0,1.5,0.0,0.7,12.0,0.0,,,0.0,0.0,,,6.7,5.6,,15.5,,0.0,9.5,5.8,,0.0,,0.0,0.3,24.0,0.0,15.0,0.0,3.2,0.0,3.8,24.0,0.0,0.0,0.0,,,0.7,1.5,,0.0,,5.4,,17.4,6.3,4.0,4.1,0.0,0.0,1.9,9.2,5.6,,0.0,1.7,24.0,0.0,24.0,0.0,0.5,,0.0,0.0,0.0,0.0,3.0,0.0,24.0,0.0,24.0,,24.0,0.0,,2.5,5.4,0.0,,1.3,,22.3,,0.0,0.0,0.0,0.0,0.0,0.0,,0.0,9.0,4.7,,5.0,,24.5,8.8,,,,3.3644323,,0.0,,,3.8,4.4,1.9,0.0,17.6,12.1,1.7,0.0,,15.4,24.0,,,0.0,0.0,0.0,,,0.0,0.0,5.4,0.0,,0.0,15.5,5.4,12.6,,0.0,0.0,0.0,0.0,3.3,24.0,24.0,,,,0.7,12.452,,0.0,24.0,0.0,3.9,24.0,,,,,1.9,0.0,0.0
1957,0.0,,11.9,,,24.0,0.0,4.8,24.0,,4.2,0.0,0.0,,16.1,,5.4,24.0,1.8,0.3,,0.0,,0.0,0.8,0.0,1.3,12.0,0.0,,,0.0,0.0,,,6.7,5.6,,15.5,,0.0,8.4,1.7,,0.0,0.6,0.0,0.3,24.0,0.952,15.0,0.0,3.2,2.5,3.8,24.0,0.0,0.0,0.0,,,0.7,1.5,,0.0,,5.4,0.0,17.4,6.3,5.5,3.4,0.0,0.0,1.9,9.2,5.6,,0.0,1.7,24.0,0.0,24.0,0.0,0.5,,0.0,0.0,0.0,0.0,4.0,0.0,24.0,0.0,24.0,,24.0,0.0,,2.5,5.4,0.0,,1.3,,9.4,,0.0,0.0,0.0,0.0,0.0,0.0,,0.0,8.7,6.7,,5.0,,24.5,9.2,,,0.0,3.058193,,0.0,,,3.8,4.4,1.0,0.0,4.1,13.0,1.7,0.0,,16.2,24.0,,,0.0,0.0,0.0,,,0.0,0.0,5.4,0.0,,0.0,15.5,5.4,12.6,,0.0,0.0,0.0,0.0,0.6,24.0,24.0,,,,1.3,12.282,,0.0,24.0,0.0,3.9,24.0,,,,,1.9,0.0,0.0
1958,0.0,,9.1,,2.2,25.7,0.0,4.8,25.7,,4.2,0.0,0.0,,16.1,,6.5,25.7,0.0,0.9,,0.0,,0.0,1.9,0.0,1.3,12.0,0.0,,,0.0,5.4,,,4.4,2.3,,15.5,,0.0,8.4,1.7,,0.0,,0.0,0.3,25.7,1.0,15.0,0.0,1.5,0.0,3.8,25.7,0.0,0.0,0.0,,,1.3,0.0,,0.0,,6.5,0.0,18.3,6.3,5.5,3.4,0.0,,1.9,9.2,4.2,,0.0,2.4,25.7,0.0,25.7,1.6,1.3,,1.7,0.0,0.0,0.0,4.0,0.0,25.7,0.0,25.7,,25.7,0.0,,4.9,6.5,0.0,,1.3,,9.4,,0.0,0.0,0.0,0.0,0.0,0.0,,0.0,8.7,6.7,,5.0,,24.5,9.2,,,0.0,3.17318,,0.0,,,3.8,4.4,1.0,0.0,4.1,13.0,1.7,0.0,,16.2,25.7,,,,0.0,0.0,,,0.0,0.0,6.5,,,0.0,15.5,6.5,12.6,,0.0,,0.0,0.0,,25.7,25.7,,,,1.3,12.341,,0.0,25.7,0.0,3.4,25.7,2.3,,,,1.282,0.0,0.0
1959,0.0,,9.1,,2.2,25.7,0.0,5.5,25.7,,4.2,0.0,0.0,,16.1,,6.5,25.7,0.0,0.9,,0.0,,0.0,1.9,0.0,1.3,12.2,0.0,,,0.0,5.4,,,4.4,,,15.5,,0.0,8.4,1.7,,0.0,,0.0,0.3,25.7,1.0,15.0,0.0,1.5,0.0,3.9,25.7,0.0,0.0,0.0,,,1.3,0.0,,0.0,,6.5,0.0,18.3,6.2,5.5,3.4,0.0,,3.3,7.5,4.2,,0.0,2.4,25.7,0.0,25.7,1.6,1.3,,1.7,0.0,0.0,0.0,4.0,0.0,25.7,0.0,25.7,,25.7,0.0,,4.9,6.5,,,1.3,,9.4,,0.0,0.0,0.0,2.9,0.0,0.0,,0.0,9.3,6.7,0.9,5.0,,24.5,9.2,,,0.0,3.235991,,0.0,,,3.8,4.4,1.0,0.0,4.1,13.0,1.7,,,16.2,25.7,,,,0.0,0.0,,,0.0,0.0,6.5,,,0.0,15.5,6.5,12.6,,0.0,,0.0,0.0,,25.7,25.7,,,1.1,1.3,12.359,,0.0,25.7,0.0,3.4,25.7,2.3,,,,1.2,0.0,0.0
1960,0.0,,9.1,,1.1,25.7,0.0,5.5,25.7,,4.2,0.0,0.0,,16.1,,6.5,25.7,0.0,0.9,,0.0,,0.0,1.9,0.0,1.3,12.2,0.0,,0.0,0.0,2.7,,,4.4,,0.0,20.7,,0.0,9.5,1.7,,2.7,1.8,0.0,0.3,25.7,1.0,15.0,0.0,1.5,2.5,3.9,25.7,9.6,0.0,0.0,,0.0,1.3,0.0,,0.0,,6.5,0.0,18.3,9.2,5.5,3.4,0.0,,3.3,7.5,4.2,,0.0,1.5,25.7,0.0,25.7,1.6,0.4,,0.0,0.0,0.0,0.0,1.3,0.0,25.7,0.0,25.7,,25.7,0.0,,4.9,6.5,0.0,,1.3,,21.0,,0.0,0.0,0.0,2.9,0.0,0.0,,0.0,9.3,6.7,0.9,5.0,,24.5,9.2,,,,3.3964424,,0.0,,,3.8,4.4,1.0,0.0,4.1,13.0,1.7,,,16.2,25.7,,,,0.0,0.0,0.0,,,0.0,6.5,,,0.0,20.7,6.5,13.8,,0.0,,0.0,0.0,,25.7,25.7,,,1.1,,12.298,,0.0,25.7,0.0,3.9,25.7,2.3,,,,1.2,0.0,0.0
1961,0.0,,9.1,,1.1,25.7,0.0,5.5,25.7,0.0,5.2,0.0,0.0,,16.1,,6.5,25.7,0.0,0.9,,0.0,0.0,0.0,1.9,0.0,3.3,12.2,0.0,1.0,0.0,0.0,2.7,,,4.4,,0.0,20.7,,0.0,9.5,1.7,,2.7,,0.0,0.4,25.7,1.2,15.0,0.0,1.5,1.493,3.9,25.7,9.6,0.0,0.0,,0.0,0.7,0.0,,0.0,,6.5,5.2,18.3,9.2,5.5,2.1,0.0,,3.3,8.3,4.2,,0.0,1.5,25.7,0.0,25.7,1.6,0.4,,0.0,0.0,0.0,0.0,1.3,0.0,25.7,0.0,25.7,,25.7,0.0,,4.3,6.5,0.0,,1.3,,21.0,,0.0,0.0,0.0,2.9,0.0,0.0,,0.0,9.3,8.7,,5.0,,24.5,8.3,,,,3.417373,,0.0,,,3.8,4.4,1.9,0.0,13.0,13.0,2.3,0.0,,16.6,25.7,0.0,,,0.0,0.0,0.0,,,0.0,6.5,,,0.0,20.7,6.5,13.8,,0.0,0.0,0.0,1.923,,25.7,25.7,,,1.1,0.7,12.411,,0.0,25.7,0.0,3.9,25.7,2.3,,,,1.923,0.0,0.0
1962,0.0,,11.7,,,27.2,0.0,5.5,27.2,0.0,5.2,0.0,0.0,,16.2,,6.5,27.2,1.9,0.5,,0.0,0.0,0.0,1.9,0.0,3.3,12.2,0.0,2.0,0.0,0.0,4.3,,,1.8,,0.0,20.7,,0.0,9.5,2.7,5.1,2.7,,,0.4,27.2,1.9,14.0,0.0,1.9,1.5,3.9,27.2,9.6,0.0,0.0,,0.0,0.7,0.0,,0.0,,6.5,5.2,18.3,9.2,6.8,2.1,0.0,,3.3,8.3,4.2,,0.0,1.5,27.2,0.0,27.2,0.0,0.4,0.0,0.0,0.0,0.0,0.0,1.3,0.0,27.2,0.0,27.2,,27.2,0.0,,4.3,6.5,0.0,,,,21.0,,0.0,0.0,0.0,2.9,0.0,0.0,,0.0,9.3,8.7,,5.0,,24.5,8.3,,,,3.525795,,0.0,,,3.8,,1.9,0.0,13.0,8.9,2.3,0.0,,16.6,27.2,0.0,,,0.0,0.0,0.0,,3.7,0.0,6.5,,,0.0,20.7,6.5,13.8,,0.0,0.0,1.176,,,27.2,27.2,,3.3,1.1,0.7,12.32,,2.222,27.2,0.0,4.1,27.2,2.3,,,,1.9,0.0,0.0
1963,0.0,,11.7,,0.5,27.2,0.0,5.5,27.2,0.0,5.2,0.0,0.0,,16.2,,17.4,27.2,1.9,0.5,,0.0,0.0,0.0,2.3,0.0,3.3,12.2,0.0,2.0,0.0,5.455,4.3,,,1.8,,2.9,20.7,,0.0,9.5,,5.1,,,,0.4,27.2,1.9,14.0,0.0,1.9,1.5,3.9,27.2,9.6,18.667,0.0,,0.0,0.3,,,0.0,,17.4,5.2,18.2,9.2,6.8,2.1,3.0,,1.7,8.3,4.6,,0.0,1.5,27.2,0.0,27.2,0.0,1.1,0.0,0.0,0.0,0.0,0.0,1.3,0.0,27.2,0.0,27.2,0.0,27.2,0.0,,4.3,17.4,0.0,,,,20.0,,0.0,0.0,0.0,2.9,0.0,0.0,,0.0,10.0,8.7,2.4,6.3,,27.4,8.3,,,,3.9090931,,0.0,,,3.8,1.4,1.9,0.0,13.0,8.9,2.3,3.3,,16.6,27.2,0.0,,,1.25,,0.0,,3.7,0.0,17.4,,,0.0,20.7,17.4,13.8,,0.0,0.0,1.176,0.0,,27.2,27.2,,3.3,1.1,0.7,12.303,,2.222,27.2,0.0,4.1,27.2,3.4,,,,1.9,0.0,0.0
1964,0.0,,11.7,,0.5,27.2,0.0,5.5,27.2,0.0,5.2,0.0,0.0,,16.2,,17.4,27.2,,0.5,,0.0,0.0,,2.3,0.0,3.3,17.8,0.0,2.0,0.0,,4.9,,,1.8,,2.9,20.0,,0.0,9.5,,1.4,,2.2,,0.5,27.2,1.9,14.0,0.0,1.9,1.5,4.4,27.2,9.6,18.7,0.0,,0.0,0.7,,,0.0,,17.4,5.2,18.2,9.2,6.8,3.5,3.0,,1.7,8.3,4.6,,0.0,1.5,27.2,0.0,27.2,0.0,1.1,0.0,0.0,0.0,0.0,0.0,1.9,0.0,27.2,0.0,27.2,0.0,27.2,0.0,,6.2,17.4,1.25,4.0,,,20.0,,0.0,0.0,2.0,1.9,0.0,0.0,,0.0,10.0,8.7,2.4,6.3,,27.4,8.3,,,,3.9776356,,0.0,,,2.4,1.4,1.9,0.0,13.0,8.9,2.3,3.3,,16.6,27.2,0.0,,,1.3,,0.0,,1.9,0.0,17.4,,,0.0,20.0,17.4,13.3,0.0,0.0,0.0,1.176,0.0,,27.2,27.2,,3.3,1.1,0.7,12.18,,2.222,27.2,0.0,2.8,27.2,3.4,,,,1.9,5.333,0.0
1965,2.0,,11.7,,2.1,27.2,0.0,5.5,27.2,0.0,3.3,,0.0,,16.2,,13.7,27.2,,0.5,,0.0,0.0,,1.5,0.0,8.0,17.8,3.529,2.0,0.0,,4.9,,,1.8,,2.9,20.0,,0.0,9.5,2.7,,,2.2,,0.5,27.2,0.8,14.0,0.0,1.9,1.5,4.4,27.2,9.596,18.7,0.0,,0.0,0.7,,,4.0,,13.7,5.2,18.2,9.2,6.8,4.2,3.0,,1.7,7.5,4.6,,0.0,1.5,27.2,0.0,27.2,0.0,1.1,0.0,0.0,0.0,0.0,0.0,2.5,0.0,27.2,1.8,27.2,0.0,27.2,0.935,,6.2,13.7,1.3,4.0,,,20.0,,0.0,0.0,2.0,1.9,0.0,0.0,,0.0,10.0,8.0,3.2,6.3,,27.4,6.9,,,,4.1501007,,0.0,,,2.4,1.4,5.5,0.0,12.4,8.9,3.1,3.3,,14.4,27.2,2.128,,,1.3,5.9,0.0,,1.9,0.0,13.7,,,0.0,20.0,13.7,13.3,0.0,0.0,0.0,1.176,0.0,,27.2,27.2,,3.3,1.1,0.7,12.285,3.191,2.222,27.2,0.0,2.8,27.2,3.4,,,,1.9,5.3,0.0
1966,2.0,,16.3,,,28.9,0.8,5.5,28.9,,3.3,,,,17.1,,13.7,28.9,0.9,1.2,0.0,0.0,0.0,,1.5,0.0,8.0,17.8,3.5,2.0,0.0,,3.7,,,5.2,,2.9,20.0,,0.0,10.6,4.1,,1.3,2.2,,0.5,28.9,1.9,16.5,0.0,1.9,1.5,4.1,28.9,,18.7,0.0,,0.0,0.7,1.8,,4.0,,13.7,5.2,18.2,8.3,6.8,3.5,3.0,,1.7,7.5,4.6,,0.0,1.5,28.9,0.0,28.9,0.0,1.1,0.0,0.0,0.0,0.0,0.0,3.8,0.0,28.9,1.8,28.9,,28.9,0.9,,6.2,13.7,1.3,4.0,,,21.6,,0.0,0.0,2.0,1.9,0.0,0.0,,0.0,10.0,8.0,3.2,6.3,,27.4,6.9,,,,4.427154,,0.0,,,2.4,1.4,5.5,0.0,12.4,8.9,3.1,3.3,,14.4,28.9,2.128,,,1.3,5.9,0.0,,11.5,0.0,13.7,,,0.0,20.0,13.7,13.3,0.0,0.0,,1.176,0.0,,28.9,28.9,,8.3,1.1,0.7,12.555,3.191,2.222,28.9,0.0,2.5,28.9,3.4,,,,1.205,5.3,0.0
1967,2.0,,16.3,,,28.9,0.8,5.5,28.9,,3.3,,,,17.1,,9.5,28.9,0.9,1.2,0.0,0.0,0.0,,1.5,0.0,8.0,17.8,3.5,2.0,0.0,,3.7,,,5.2,,2.9,20.0,,0.0,10.6,4.1,,1.3,2.2,,1.0,28.9,1.9,16.5,0.0,2.3,0.0,4.1,28.9,,18.7,0.0,,0.0,,1.8,,4.0,,9.5,8.6,19.8,8.3,5.9,3.5,3.2,,1.7,7.5,4.6,3.8,0.0,1.4,28.9,0.0,28.9,0.0,1.7,0.0,0.0,0.0,0.0,0.0,5.1,0.0,28.9,1.8,28.9,,28.9,0.9,,5.7,9.5,1.3,4.0,,,21.6,,0.0,0.0,0.0,1.9,0.0,0.0,,0.0,8.0,8.0,2.4,6.3,,30.6,6.9,,0.9,,4.539457,,,,,2.4,1.4,5.5,0.0,12.4,16.0,3.1,1.8,,14.4,28.9,2.128,,,1.3,5.9,0.0,,11.5,0.0,9.5,,,0.0,20.0,9.5,13.3,0.0,,,1.176,,,28.9,28.9,,8.3,1.1,0.7,12.36,3.191,2.222,28.9,0.0,2.5,28.9,3.4,,,,1.2,5.3,0.0
1968,2.0,,16.3,,,28.9,0.8,5.5,28.9,,3.8,,,,17.1,,9.5,28.9,0.9,1.2,0.0,0.0,0.0,,0.4,0.0,8.0,17.8,3.5,2.0,0.0,5.5,3.9,,,5.2,,2.9,20.0,,0.0,10.6,4.1,,0.0,2.2,,1.0,28.9,1.9,16.5,0.0,2.1,0.0,4.1,28.9,,21.333,0.0,,5.714,,1.8,11.9,4.0,,9.5,8.6,19.8,7.5,5.9,2.1,3.2,,1.7,7.5,2.7,3.8,0.0,1.4,28.9,0.0,28.9,0.0,1.7,0.0,0.0,0.0,0.0,0.0,5.1,0.0,28.9,3.6,28.9,,28.9,0.9,,5.7,9.5,,4.0,,,21.6,,0.0,0.0,0.0,1.9,0.0,0.0,,0.0,8.0,8.0,2.4,6.3,,30.6,6.9,,0.9,,4.603696,,,,,,,5.5,0.0,12.4,16.0,3.1,3.3,,14.4,28.9,2.128,,,1.25,1.7,0.0,,3.8,0.0,9.5,,,0.0,20.0,9.5,15.5,0.0,,,1.176,,,28.9,28.9,,8.8,1.1,0.7,13.393,3.191,2.222,28.9,0.0,2.5,28.9,0.0,,,,1.2,1.818,0.0
1969,0.0,,16.3,,,28.9,0.0,5.5,28.9,,3.8,,,,17.1,,13.6,28.9,,1.2,0.0,0.0,0.0,,0.4,0.0,6.7,17.8,3.5,2.0,0.0,,3.9,,,5.2,,2.9,20.0,,0.0,10.6,4.1,,0.0,0.8,,1.0,28.9,2.0,16.5,0.0,2.1,0.0,4.1,28.9,1.429,21.3,0.0,,5.7,,1.8,11.9,4.0,,13.6,8.6,19.8,7.5,5.9,2.1,3.2,,1.7,6.7,2.7,3.8,0.0,1.6,28.9,1.163,28.9,0.0,1.7,0.0,0.0,0.0,0.0,,5.1,,28.9,3.6,28.9,,28.9,0.9,,5.7,13.6,,4.0,,,21.9,,0.0,0.0,0.0,,0.0,0.0,,0.0,8.0,9.3,2.4,4.8,,30.6,6.6,,0.9,,4.733802,,,,,,,2.8,0.0,13.5,16.0,3.1,3.3,,14.4,28.9,2.128,,,1.3,1.7,0.0,,3.8,,13.6,,,0.0,20.0,13.6,15.5,0.0,,,0.952,,2.8,28.9,28.9,,8.3,3.7,1.1,13.767,3.191,2.222,28.9,0.0,2.5,28.9,0.0,,,,1.2,1.8,0.0
1970,0.0,,27.2,,,30.2,0.0,4.8,30.2,,3.8,,,,17.1,,13.6,30.2,,0.3,0.0,0.0,0.0,,0.4,0.0,6.7,17.8,3.0,4.0,2.857,,4.3,,,7.0,,0.0,20.0,,0.0,10.6,4.1,,,0.8,,1.0,30.2,1.9,16.5,,2.1,0.0,4.1,30.2,1.4,21.3,0.0,,5.7,,2.0,11.9,4.0,,13.6,8.6,19.8,7.5,5.9,2.1,3.2,,1.7,6.7,2.7,3.8,0.0,1.6,30.2,1.2,30.2,,1.7,0.0,0.0,0.0,0.0,,3.8,,30.2,3.6,30.2,0.0,30.2,5.607,,5.2,13.6,,4.0,,,21.9,,0.0,0.0,0.0,,0.0,0.0,,0.0,8.0,9.3,3.2,4.8,,30.6,6.6,,0.9,,4.935691,,0.0,,,,,2.8,0.0,13.5,16.0,3.1,3.3,,14.4,30.2,2.128,,,1.3,1.7,0.0,,3.8,,13.6,,,0.0,20.0,13.6,14.0,0.0,,,0.952,,2.8,30.2,30.2,,8.3,3.7,1.1,13.44,4.615,2.222,30.2,0.0,2.3,30.2,0.0,,,,1.205,1.8,0.0
1971,0.0,,27.2,0.0,,30.2,0.0,6.0,30.2,,2.8,,,,18.8,,13.6,30.2,,0.3,8.3,0.0,0.0,,0.4,5.5,6.7,17.8,3.0,4.0,2.8,,4.3,,,7.0,,0.0,26.0,,0.0,17.3,4.1,,,2.2,,1.1,30.2,1.9,16.5,,2.1,0.0,4.1,30.2,1.4,21.3,0.0,,,,2.0,11.9,4.0,9.7,13.6,8.6,23.9,7.2,4.1,2.1,6.7,,5.0,6.7,2.7,3.8,0.0,1.6,30.2,1.2,30.2,,2.5,0.0,0.0,0.0,0.0,,3.8,,30.2,3.6,30.2,0.0,30.2,5.8,,5.2,13.6,,3.6,,,21.9,,0.0,0.0,6.667,,0.0,0.0,,0.0,8.0,9.3,3.3,4.8,,31.8,6.6,,0.9,,5.6148286,0.0,8.9,,,,,2.8,0.0,13.5,16.0,3.1,3.3,,14.4,30.2,2.128,,,1.3,1.7,0.0,,3.8,,13.6,,,0.0,26.0,13.6,14.0,0.0,,0.0,0.952,,,30.2,30.2,,2.8,3.7,1.1,14.099,3.9,,30.2,1.0,2.3,30.2,0.0,,,,1.2,1.8,0.0
1972,0.0,,27.2,0.0,,30.2,0.0,6.0,30.2,,2.8,,0.0,0.0,18.8,,13.6,30.2,,0.3,8.3,0.0,0.0,,1.9,5.5,6.7,17.8,3.0,4.0,2.8,,4.3,0.0,,7.0,,0.0,26.0,,0.0,17.3,4.1,,,2.2,,1.1,30.2,1.9,21.5,3.8,2.1,0.0,4.1,30.2,,21.3,0.0,8.333,,,2.0,11.9,4.0,,13.6,8.6,23.9,7.2,4.1,2.1,6.7,,5.0,6.7,3.8,3.8,0.0,1.4,30.2,1.2,30.2,3.2,2.5,0.0,3.4,0.0,0.0,,3.8,,30.2,3.6,30.2,0.0,30.2,,,5.2,13.6,,3.6,,,21.9,,0.0,0.0,6.7,2.1,0.0,0.0,,,9.3,9.3,3.1,4.6,,31.8,5.8,,0.9,,5.588783,0.0,8.9,,,0.0,,,0.0,15.9,20.9,3.1,3.3,,14.4,30.2,2.128,,,1.3,0.0,0.0,,3.8,,13.6,,,0.0,26.0,13.6,14.0,4.167,,0.0,0.952,,0.0,30.2,30.2,,2.8,3.7,1.1,14.43,3.9,,30.2,1.0,3.0,30.2,0.0,,,,1.2,1.8,0.0
1973,,0.0,27.2,0.0,7.8,30.2,0.0,6.0,30.2,,2.8,0.0,0.0,4.8,18.8,0.0,13.6,30.2,,0.3,8.3,0.0,0.0,,1.9,5.5,,17.8,3.0,5.833,2.8,6.957,4.3,0.0,0.0,7.0,,0.0,26.0,,0.0,15.1,4.1,,,2.2,,1.1,30.2,3.2,21.5,3.8,2.7,4.286,4.1,30.2,,21.3,0.0,8.333,5.7,,2.0,11.9,4.0,,13.6,3.4,23.9,7.2,4.1,2.8,6.7,,5.0,6.7,3.8,3.8,0.0,1.4,30.2,1.2,30.2,3.2,5.5,0.0,3.4,0.0,0.0,,3.8,6.5,30.2,3.6,30.2,0.0,30.2,,,6.0,13.6,,3.6,,,22.9,0.0,0.0,0.0,6.7,2.1,0.0,0.0,,9.0,9.3,15.5,4.1,4.6,,31.8,5.8,,0.9,,5.8287234,0.0,8.9,,4.1,0.0,,,0.0,15.9,20.9,6.1,5.0,,14.4,30.2,,,,4.0,0.0,0.0,1.031,3.8,,13.6,,0.0,0.0,26.0,13.6,21.4,,,2.7,0.952,,6.0,30.2,30.2,,2.8,3.7,1.3,13.894,3.9,,30.2,,3.0,30.2,2.5,,,,1.2,5.147,0.0
1974,,0.0,33.2,0.0,7.8,30.5,0.8,6.0,30.5,,6.6,0.0,,4.8,18.8,0.0,19.1,30.5,,0.3,8.3,0.0,0.0,,3.4,5.5,,17.8,3.0,5.8,2.8,7.0,6.0,0.0,0.0,5.3,,0.0,26.0,,0.0,15.1,14.3,,,2.2,,1.1,30.5,,21.5,3.8,2.7,4.3,3.6,30.5,,16.667,0.0,8.3,5.7,2.0,4.0,11.9,4.0,,19.1,3.4,23.9,7.2,4.1,2.8,6.7,,5.0,6.7,3.8,3.8,0.0,1.4,30.5,2.326,30.5,3.2,5.5,0.0,3.4,0.0,0.0,,3.8,6.5,30.5,5.1,30.5,,30.5,,,6.0,19.1,,3.6,2.0,,22.9,0.0,0.0,0.0,6.7,3.2,0.0,,,11.4,9.3,15.5,4.0,4.6,,31.8,5.8,,0.9,,6.2068605,0.0,8.9,,4.1,0.0,,,0.0,15.9,20.9,,5.0,,14.4,30.5,,,6.0,4.0,0.0,0.0,1.0,5.8,,19.1,6.0,0.0,0.0,26.0,19.1,21.4,,6.667,2.7,0.952,,6.0,30.5,30.5,,2.8,2.5,1.3,14.24,3.9,,30.5,,3.7,30.5,2.5,,,,0.585,5.9,0.0
1975,,0.0,33.2,0.0,7.8,30.5,0.0,7.7,30.5,,6.6,0.0,,,18.8,,19.1,30.5,,0.3,8.3,2.0,0.0,,3.4,7.0,,22.6,9.167,5.8,11.066,7.0,6.0,0.0,,5.3,,0.0,26.0,,0.0,15.6,14.3,,,2.2,,1.1,30.5,,23.0,3.8,2.7,4.3,4.3,30.5,,16.7,0.0,8.3,5.7,2.0,4.0,11.9,4.0,,19.1,3.4,28.7,7.2,4.1,2.8,7.5,,5.0,6.7,3.8,3.8,,1.4,30.5,3.5,30.5,,5.5,0.0,,0.0,0.0,,3.8,6.5,30.5,5.1,30.5,,30.5,5.8,,6.0,19.1,,3.6,2.0,,22.9,0.0,2.857,0.0,6.7,3.2,0.0,,,11.4,9.3,15.5,1.9,4.6,,31.8,5.8,,0.9,,6.983,,8.9,,4.1,0.0,,,0.0,15.9,20.9,,5.0,,15.2,30.5,,,6.0,4.0,0.0,0.0,1.0,5.8,,19.1,6.0,18.75,5.1,26.0,19.1,21.4,,6.667,2.7,,,1.1,30.5,30.5,,2.8,2.5,1.3,14.146,7.175,,30.5,,3.7,30.5,2.5,,0.0,,0.6,5.9,0.0
1976,,0.0,33.2,0.0,,30.5,0.0,7.7,30.5,,6.6,0.0,,,19.5,,19.1,30.5,,0.3,4.2,2.0,0.0,,3.4,7.0,,22.6,9.2,5.8,11.1,7.0,6.0,0.0,,5.3,22.2,0.0,29.5,,0.0,15.6,14.3,,,1.7,,1.1,30.5,,23.0,3.8,2.7,4.3,4.3,30.5,,16.7,0.0,12.667,5.7,2.0,4.0,11.9,7.0,,19.1,3.4,28.7,7.2,4.1,2.8,7.5,,5.0,6.7,7.5,8.3,,1.2,30.5,3.5,30.5,18.4,5.5,,,0.0,0.0,,3.8,6.5,30.5,5.1,30.5,,30.5,5.8,,8.0,19.1,,3.1,2.0,,22.9,0.0,2.857,4.286,7.059,3.2,0.0,,,11.4,9.3,15.5,1.7,4.6,,33.6,7.3,,,,7.603391,,8.9,,4.1,0.0,,,0.0,20.7,20.9,4.9,5.0,,15.2,30.5,,,6.0,4.0,0.0,0.0,1.0,5.6,,19.1,6.0,18.2,5.1,29.5,19.1,22.9,,4.0,2.7,,,,30.5,30.5,,8.3,2.5,1.3,13.821,8.3,,30.5,,4.4,30.5,2.5,26.8,0.0,,0.6,5.9,0.0
1977,,0.0,33.2,0.0,,30.5,0.0,7.7,30.5,,7.1,0.0,,,19.5,,19.1,30.5,,0.3,4.2,2.0,0.0,,3.4,7.0,,22.6,9.2,5.8,1.838,,6.0,0.0,,5.3,22.2,0.0,29.5,,0.0,16.8,14.3,3.8,,1.7,,6.0,30.5,,23.0,1.9,2.7,4.3,4.3,30.5,,16.7,0.0,12.7,5.7,3.3,4.0,11.9,7.0,,19.1,3.4,28.7,7.4,3.3,4.1,7.5,,5.0,6.7,7.5,8.3,,1.2,30.5,3.5,30.5,18.4,5.5,,,0.0,0.0,0.0,2.4,6.5,30.5,5.1,30.5,0.0,30.5,2.92,,8.0,19.1,,3.1,2.0,,23.2,12.381,2.6,4.3,6.9,3.2,0.0,,,11.4,13.3,23.9,2.4,4.6,,33.6,7.3,,,,7.677922,,8.9,,,0.0,,,2.8,20.7,19.9,4.9,5.0,,15.2,30.5,,,6.0,4.0,0.0,0.0,0.0,5.6,,19.1,6.0,18.2,5.1,29.5,19.1,22.9,,,3.6,,,,30.5,30.5,,8.3,2.5,0.9,13.816,8.3,,30.5,,4.4,30.5,2.5,26.8,0.0,,0.606,5.9,0.0
1978,0.0,0.0,32.4,0.0,,30.5,0.0,7.7,30.5,,7.5,0.0,1.754,,19.5,,20.0,30.5,,1.0,4.2,2.0,0.0,,3.4,7.0,,21.2,9.2,10.0,1.8,,5.0,0.0,,7.0,22.2,0.0,29.5,,0.0,16.8,12.1,3.8,,1.7,,6.0,30.5,,23.0,1.9,4.3,4.3,4.3,30.5,,16.7,0.0,12.7,5.7,3.3,3.2,11.9,7.0,,20.0,3.4,28.7,7.4,3.3,4.1,7.5,,5.0,6.7,7.5,8.3,,1.2,30.5,3.5,30.5,18.4,3.5,,,0.0,0.0,0.0,2.4,6.5,30.5,5.1,30.5,0.0,30.5,2.9,,8.0,20.0,,3.1,2.6,,23.2,12.4,,4.3,9.195,4.5,0.0,,,11.4,13.3,23.9,2.4,4.3,,33.6,7.3,,,,7.581092,0.0,6.3,,,8.1,,5.5,2.8,20.7,19.9,4.9,3.3,,15.2,30.5,,,6.6,7.0,0.0,0.0,0.0,7.4,,20.0,6.6,18.2,5.1,29.5,20.0,22.9,6.0,,3.6,,,2.8,30.5,30.5,,8.3,2.5,0.9,14.07,8.3,,30.5,,4.1,30.5,3.0,26.8,0.0,,0.6,4.412,0.0
1979,0.0,0.0,32.4,0.0,,32.0,0.0,9.8,32.0,,7.5,8.333,1.8,9.1,19.5,,20.0,32.0,0.9,1.0,4.2,2.0,5.405,,3.5,10.5,,21.2,9.2,10.0,1.8,8.497,5.0,0.0,,7.0,22.2,0.0,29.5,,0.0,23.5,12.1,3.8,0.0,8.9,,5.4,32.0,,26.0,1.9,4.3,4.3,3.0,32.0,2.857,16.7,0.0,12.7,,3.3,3.2,11.9,7.0,,20.0,5.2,28.7,7.4,3.3,4.1,,,5.0,6.7,8.4,8.3,,2.2,32.0,2.907,32.0,18.4,3.5,,,0.0,0.0,0.0,2.4,6.5,32.0,13.6,32.0,0.0,32.0,2.9,4.2,7.8,20.0,3.75,3.1,2.6,,23.2,12.4,,4.3,9.2,4.5,0.0,,,,13.3,23.9,3.0,4.3,,33.6,7.3,,,,8.03708,0.0,6.3,,,8.1,,5.5,2.8,20.7,19.9,6.8,3.3,,15.2,32.0,,,6.6,7.0,0.0,0.0,0.0,,10.2,20.0,6.6,18.2,5.1,29.5,20.0,27.8,5.5,32.0,3.6,,,3.0,32.0,32.0,,8.3,3.2,0.9,14.286,8.3,,32.0,,4.1,32.0,3.0,26.8,0.0,,0.6,4.4,0.0
1980,0.0,8.297,32.4,0.0,,32.0,2.4,9.8,32.0,,7.5,8.3,,9.1,19.5,,20.0,32.0,,1.0,4.2,2.0,5.4,,5.0,10.5,,21.2,4.762,10.0,1.8,8.5,5.0,0.0,12.698,7.0,22.2,0.0,29.5,,0.0,23.5,12.1,3.8,0.0,8.9,,5.4,32.0,,26.0,1.9,4.3,13.483,3.0,32.0,3.6,16.7,0.0,12.7,,3.3,3.2,21.5,7.0,,20.0,5.2,30.1,7.4,5.0,4.1,1.5,6.4,5.0,6.7,8.4,10.0,,1.8,32.0,2.9,32.0,18.4,3.5,,,0.0,,0.0,2.4,6.5,32.0,13.6,32.0,0.0,32.0,2.9,4.2,7.8,20.0,3.7,3.1,2.6,,23.2,12.4,,4.3,9.2,4.5,0.0,,,,13.3,23.9,4.8,4.3,,33.6,8.5,,,,8.593262,0.0,6.3,,,5.4,7.2,5.5,2.8,23.0,19.9,6.8,3.3,,33.1,32.0,,,6.5,7.0,0.0,0.0,0.0,,10.2,20.0,6.5,5.0,,29.5,20.0,27.8,5.5,32.0,3.6,,10.4,3.0,32.0,32.0,,8.3,3.2,,14.458,8.712,0.641,32.0,,3.7,32.0,3.0,26.8,0.0,,0.6,4.4,9.0
1981,0.0,8.3,32.4,0.0,,32.0,2.4,9.8,32.0,,5.7,8.3,,9.1,21.8,,20.0,32.0,,1.0,3.7,2.0,5.4,,5.0,10.5,,21.2,5.4,10.0,1.8,8.5,5.0,0.0,12.7,7.0,22.6,2.9,28.0,,0.0,23.5,12.1,3.8,0.0,8.9,,5.4,32.0,,26.0,1.9,7.1,14.0,3.0,32.0,,16.7,0.0,12.7,,4.3,3.2,21.5,7.0,8.5,20.0,5.2,30.1,7.4,5.0,6.0,1.5,6.4,5.0,7.5,8.4,10.0,,1.8,32.0,2.9,32.0,18.8,3.3,0.0,,0.0,,0.0,2.4,6.5,32.0,13.6,32.0,0.0,32.0,2.9,4.2,7.8,20.0,3.7,3.1,2.7,,24.3,12.4,,4.3,9.2,4.5,0.0,,,,14.7,25.8,5.0,8.7,,32.4,8.5,,,,8.750703,0.0,6.3,,,5.4,7.2,5.5,2.8,23.0,19.9,6.8,3.3,,33.1,32.0,6.25,,6.5,7.0,0.0,0.0,0.0,,10.2,20.0,6.5,5.0,,28.0,20.0,27.8,5.5,32.0,6.7,,10.4,3.0,32.0,32.0,,16.7,5.1,,14.11,9.6,0.8,32.0,,3.7,32.0,3.0,21.8,0.0,,1.13,4.4,8.0
1982,0.0,8.3,30.4,0.0,,32.0,2.4,9.8,32.0,9.231,5.7,8.3,,,21.8,,20.5,32.0,0.7,1.5,3.7,2.0,5.4,,5.0,10.5,,21.2,5.4,10.0,3.548,8.5,3.5,0.0,12.7,7.0,22.6,2.9,28.0,,0.0,23.5,5.8,1.4,0.0,8.9,,4.9,32.0,,26.0,1.9,7.1,14.0,3.0,32.0,,16.7,5.714,12.7,,4.3,,21.5,7.0,8.5,20.5,5.2,30.1,9.1,5.0,4.8,1.5,6.4,5.0,7.5,8.4,10.0,,1.8,32.0,2.9,32.0,18.8,3.3,0.0,,0.0,,0.0,2.4,6.5,32.0,13.6,32.0,0.0,32.0,2.9,4.2,11.3,20.5,2.5,3.1,2.7,,24.3,16.0,,4.545,9.2,5.2,0.0,,,,16.7,25.8,5.0,8.7,,32.4,8.5,,,,8.635262,0.0,6.3,,,1.8,7.2,5.5,0.9,23.0,19.5,6.8,3.3,,33.1,32.0,6.3,,8.5,7.0,0.0,0.0,0.962,,10.2,20.5,8.5,5.0,,28.0,20.5,27.5,5.5,32.0,6.7,0.952,10.4,3.0,32.0,32.0,,16.7,5.1,0.9,14.132,9.6,0.8,32.0,,4.8,32.0,3.0,21.8,0.0,,1.1,4.4,8.0
1983,0.0,8.3,30.4,0.0,3.9,32.0,4.8,9.3,32.0,9.2,5.7,8.3,,,21.8,,20.5,32.0,0.7,1.5,3.7,2.0,5.4,,5.0,11.0,,21.2,5.4,14.167,3.5,8.5,3.5,0.0,12.7,7.0,22.6,2.9,28.0,,0.0,23.5,5.8,1.4,0.0,8.9,,4.9,32.0,,30.5,1.9,7.1,14.0,3.5,32.0,,16.7,6.1,12.7,2.439,4.3,,21.5,7.0,8.5,20.5,,30.1,9.1,5.0,7.8,1.5,6.4,15.0,7.5,7.6,11.7,,1.6,32.0,1.744,32.0,18.8,3.3,0.0,,0.0,,0.0,2.4,6.5,32.0,13.6,32.0,0.0,32.0,1.46,4.2,11.3,20.5,2.4,3.1,2.7,,24.3,16.0,,5.714,4.95,5.2,,,,,16.7,25.8,5.0,8.7,,32.4,9.8,,,,8.803593,0.0,6.3,,,1.8,7.2,5.5,0.9,23.0,19.5,7.2,1.7,,33.1,32.0,12.857,,8.5,10.833,0.0,0.0,1.0,,10.2,20.5,8.5,5.0,,28.0,20.5,27.5,2.0,24.0,6.7,0.952,10.4,4.0,32.0,32.0,,16.7,5.1,3.0,13.91,9.6,0.8,32.0,,4.8,32.0,3.5,21.8,0.0,,1.1,2.941,8.0
1984,0.0,8.3,30.4,0.0,3.9,31.1,5.4,9.3,31.1,9.2,5.7,4.082,,,21.8,,20.5,31.1,0.7,1.5,3.7,2.0,5.128,,9.6,11.0,,21.2,5.4,14.2,3.5,9.804,3.5,0.0,12.7,7.0,22.6,2.9,28.0,,0.0,26.3,5.8,1.4,4.2,7.9,,4.9,31.1,,30.5,1.9,7.1,14.0,3.5,31.1,,,6.1,14.667,3.3,4.3,,21.5,7.0,8.5,20.5,8.5,30.1,9.1,7.8,7.8,1.5,13.2,15.0,8.3,7.6,11.7,0.0,1.6,31.1,1.7,31.1,18.8,3.3,0.0,,0.0,0.0,0.0,2.4,6.5,31.1,11.7,31.1,0.0,31.1,1.5,2.1,11.3,20.5,2.4,3.1,2.7,,24.3,16.0,,5.7,4.9,5.2,,,,,16.7,25.8,5.0,12.6,,32.4,9.8,,,,8.748285,0.0,6.3,,,6.0,7.2,5.6,0.9,23.0,19.5,7.2,1.7,,33.1,31.1,12.9,,8.5,10.8,3.8,0.0,1.0,,4.0,20.5,8.5,5.0,,28.0,20.5,27.5,1.8,24.0,6.7,0.952,10.4,4.0,31.1,31.1,,16.7,5.1,3.0,13.889,9.6,0.8,31.1,4.0,5.0,31.1,3.5,21.8,0.0,,2.3,2.9,8.0
1985,0.0,8.3,30.4,0.0,3.9,31.1,5.4,9.3,31.1,9.2,7.5,4.1,,,21.8,,20.5,31.1,3.1,1.5,3.7,2.0,5.1,,9.6,11.0,,21.2,5.714,14.2,3.5,9.8,3.5,0.0,12.048,7.0,22.6,1.8,28.0,,0.0,26.3,5.8,1.4,4.2,7.9,,4.9,31.1,,30.5,1.9,7.1,13.333,3.5,31.1,,,6.1,14.7,3.3,4.3,,36.9,7.0,7.5,20.5,8.5,20.7,9.1,7.8,7.8,1.5,13.2,15.0,8.3,7.6,11.7,0.0,1.6,31.1,1.7,31.1,18.8,2.9,0.0,,0.0,4.688,0.0,2.4,0.0,31.1,11.7,31.1,0.0,31.1,1.5,2.1,11.0,20.5,3.659,3.1,2.7,,24.3,16.0,,5.7,4.9,5.2,0.0,,,14.8,16.7,34.4,5.0,12.6,,32.4,9.8,,,,8.923823,0.0,6.3,,8.9,6.0,5.6,5.6,0.9,20.2,19.5,6.4,1.7,,34.4,31.1,12.9,,,10.8,3.8,0.0,1.0,6.7,4.0,20.5,,15.0,12.9,28.0,20.5,31.5,1.8,24.0,6.7,0.952,5.195,4.0,31.1,31.1,,16.7,5.1,3.0,13.777,5.474,,31.1,4.0,5.0,31.1,3.5,21.8,0.0,,2.3,2.9,9.0
1986,0.0,14.533,30.4,0.0,3.9,31.1,5.4,11.5,31.1,9.2,7.5,4.1,,9.1,21.0,,18.2,31.1,3.1,5.3,3.7,2.0,5.1,,9.6,11.0,,21.2,5.7,14.2,3.5,9.8,4.5,0.0,12.0,10.5,33.9,1.8,29.5,,0.0,26.3,7.5,1.4,1.4,7.9,,9.4,31.1,,30.5,1.9,6.6,13.3,3.5,31.1,,,6.1,14.7,3.3,4.3,7.0,36.9,7.0,7.5,18.2,,20.7,9.1,7.8,7.8,1.5,13.2,15.0,8.3,7.6,11.7,0.0,1.4,31.1,1.7,31.1,19.7,2.9,,,0.0,4.688,0.0,2.4,,31.1,11.7,31.1,0.0,31.1,1.5,2.1,11.0,18.2,3.7,3.1,2.7,,24.9,15.6,,5.7,4.9,5.1,0.0,,,14.8,20.0,34.4,5.2,12.6,,32.2,9.8,,,,9.244514,0.0,9.9,,8.9,6.0,5.6,,0.9,20.2,21.1,6.4,1.7,,34.4,31.1,12.9,,0.8,10.8,3.8,0.0,1.0,6.7,4.0,18.2,0.8,11.8,12.9,29.5,18.2,31.5,1.8,24.0,9.2,0.952,5.2,3.4,31.1,31.1,,16.7,5.6,3.0,13.707,5.474,0.8,31.1,4.0,5.3,31.1,3.5,21.8,0.0,,2.3,2.9,11.0
1987,0.0,14.5,28.8,0.0,4.7,31.1,6.1,11.5,31.1,,8.5,4.1,,9.1,21.0,,18.2,31.1,3.1,5.3,3.7,2.0,5.1,3.846,9.6,14.0,,21.3,5.7,14.2,5.714,9.8,4.5,0.0,12.0,10.5,33.9,1.8,29.5,,0.0,29.0,7.5,2.4,1.4,3.9,,9.4,31.1,13.293,31.5,,6.6,13.3,6.3,31.1,,,8.333,14.7,3.3,4.3,7.0,36.9,7.0,7.5,18.2,,20.7,12.4,7.8,8.4,1.5,13.2,20.6,8.3,12.9,11.7,0.0,1.4,31.1,1.7,31.1,21.4,2.9,,,0.0,4.688,0.0,2.4,,31.1,11.7,31.1,0.0,31.1,1.5,2.1,11.0,18.2,3.7,2.9,2.7,,24.9,15.7,,7.143,8.13,5.1,0.0,,,14.8,20.0,34.4,6.0,14.4,,32.2,15.4,,,,9.498898,0.0,9.9,,8.9,6.0,5.6,9.1,0.0,20.2,21.1,7.6,1.7,,34.4,31.1,12.9,,0.8,10.8,3.8,0.0,1.0,6.7,4.0,18.2,0.8,11.8,7.8,29.5,18.2,31.5,4.0,16.0,9.2,0.952,5.2,3.4,31.1,31.1,,16.7,5.6,1.3,13.629,5.474,0.8,31.1,4.0,5.3,31.1,3.5,17.7,4.3,,2.247,2.9,11.0
1988,3.7,14.5,28.8,0.0,4.7,31.1,6.1,11.5,31.1,,8.5,4.1,,10.3,21.0,,18.2,31.1,3.1,5.3,3.7,2.0,5.1,3.8,13.3,14.0,,21.3,5.7,14.444,5.4,9.8,4.5,0.0,12.0,10.5,33.9,1.8,29.5,,0.0,30.7,7.5,2.4,4.5,3.9,,9.4,31.1,0.1,31.5,,6.9,13.3,6.3,31.1,,,7.8,14.7,13.333,4.3,7.0,36.9,22.8,7.5,18.2,,20.7,12.4,7.8,8.4,1.5,13.2,20.6,6.7,12.9,11.7,0.0,1.4,31.1,1.042,31.1,21.4,2.0,,,0.0,4.688,0.0,2.4,,31.1,11.7,31.1,0.0,31.1,1.5,2.1,12.0,18.2,3.7,2.9,,,24.9,15.7,,7.1,9.8,5.1,0.0,,,14.8,20.0,34.4,6.1,14.4,,32.2,15.4,,,,9.969184,0.0,9.9,,10.1,6.0,5.6,9.1,0.0,20.2,21.1,7.6,2.8,,34.4,31.1,17.143,,0.8,12.5,4.9,0.0,1.0,11.7,4.0,18.2,0.8,11.8,7.8,29.5,18.2,38.4,3.6,16.0,9.2,0.952,5.2,2.8,31.1,31.1,,16.7,5.6,1.3,13.861,5.474,0.8,31.1,4.0,6.7,31.1,10.0,17.7,4.3,,3.6,5.072,11.0
1989,3.7,14.5,28.8,0.0,6.3,20.3,6.1,11.5,20.3,,8.5,2.913,,10.3,21.0,,18.2,20.3,9.2,5.3,3.7,2.0,5.0,3.8,13.3,14.0,,21.3,5.7,14.4,5.4,14.286,4.5,0.0,12.0,10.5,33.9,1.8,29.5,,0.0,30.7,7.5,2.4,4.5,3.9,,14.6,20.3,0.1,31.5,,6.9,13.3,6.3,20.3,,,7.8,20.0,13.3,6.7,7.0,36.9,22.8,10.2,18.2,,20.7,12.4,5.0,7.8,1.5,10.8,20.6,6.7,12.9,5.0,0.0,1.4,20.3,1.1,20.3,21.4,2.0,,6.3,0.0,,0.0,4.9,,20.3,13.3,20.3,0.0,20.3,6.569,6.3,12.0,18.2,3.7,2.9,,,24.9,15.7,,7.1,9.8,5.1,6.944,5.376,,14.8,21.3,35.8,6.1,14.4,,32.2,15.4,,,,10.208365,4.1,4.1,,10.1,6.0,5.6,9.1,0.0,13.5,21.1,7.6,5.6,,34.4,20.3,17.1,,,12.5,4.9,0.0,1.0,11.7,4.0,18.2,,11.8,7.8,29.5,0.0,38.4,3.6,16.0,9.2,0.952,5.2,2.8,20.3,20.3,,16.7,4.3,1.3,14.015,5.474,15.108,20.3,6.1,6.7,20.3,10.0,17.7,4.3,,2.809,6.6,11.0
1990,3.7,14.5,28.8,0.0,6.3,35.6,6.8,19.7,0.0,,9.0,,,10.3,8.5,,18.2,0.0,9.2,5.6,3.7,2.0,5.0,3.8,13.3,14.0,5.8,21.3,4.571,14.4,5.4,14.3,8.5,0.0,12.0,12.3,33.9,1.8,8.7,,0.0,33.0,11.7,2.4,7.5,2.2,,14.6,0.0,0.1,31.5,,6.9,5.833,6.8,0.0,,,7.8,20.0,13.3,5.3,5.2,36.9,22.8,10.2,18.2,8.5,20.7,12.4,5.0,7.8,1.5,10.8,20.6,6.7,12.9,5.0,0.0,2.3,0.0,1.1,0.0,21.4,2.0,,6.3,0.0,4.688,0.0,4.9,7.3,0.0,13.3,,0.0,0.0,6.5,6.3,12.0,18.2,3.7,2.9,,,2.1,15.7,,7.1,9.8,6.1,6.9,5.4,,16.3,21.3,35.8,6.1,16.5,,32.2,20.5,,,,9.260742,3.3,4.1,,0.9,7.5,6.7,9.1,0.0,13.5,20.1,7.6,5.6,,3.6,15.6,17.1,,,12.5,4.9,0.0,1.0,11.7,4.0,18.2,,11.8,,8.7,0.0,38.4,3.6,16.0,8.4,,3.896,2.8,0.0,26.0,,16.7,4.3,1.3,14.625,9.859,12.2,0.0,6.1,6.4,0.0,10.0,17.7,4.3,,1.2,6.6,14.0
1991,3.7,19.0,3.6,0.0,5.8,3.7,6.8,19.7,2.0,,9.4,6.25,,10.3,12.9,,,3.8,9.2,5.6,3.6,0.0,5.0,3.8,13.3,17.5,5.8,21.3,4.6,14.4,5.4,6.5,10.2,0.0,7.595,12.3,33.9,5.4,8.7,20.5,0.0,33.0,11.7,2.4,7.5,2.2,,14.6,,0.1,39.0,,6.9,5.9,6.8,7.2,,16.7,7.8,20.0,13.3,5.3,5.2,36.9,13.1,10.2,0.0,3.6,20.7,12.4,7.2,7.8,1.5,10.8,23.8,6.7,12.9,5.0,0.0,2.3,6.7,1.1,6.3,21.4,2.0,,6.3,0.9,4.688,0.0,5.3,7.3,8.1,13.3,,0.0,2.1,6.5,6.3,7.6,4.2,,2.9,,,2.1,15.7,,3.03,9.8,6.1,6.9,5.4,,16.3,21.3,35.8,3.4,16.5,,,,,,,8.740092,,,,0.9,7.5,6.7,9.1,0.0,9.6,20.1,8.7,5.6,,3.6,8.7,17.1,,,12.5,3.7,0.0,1.0,8.3,4.0,,,10.909,5.9,8.7,0.0,33.5,3.6,16.0,8.4,,6.3,3.8,3.0,4.6,,18.9,4.3,1.8,15.752,11.0,12.2,2.4,6.1,6.4,9.6,10.0,17.7,2.2,3.3,1.2,4.43,12.0
1992,,9.545,5.7,0.0,5.8,3.7,6.8,19.7,2.0,,9.4,6.3,5.607,10.3,12.9,0.0,4.5,3.8,9.2,5.6,3.6,0.0,5.0,3.529,13.3,17.5,5.8,21.0,4.6,12.222,,6.4,10.2,0.0,7.6,12.3,33.9,5.4,8.7,20.5,0.0,33.0,11.7,,6.0,2.2,0.0,14.6,13.7,0.1,39.0,1.4,6.9,5.9,9.2,,,16.7,11.111,20.0,13.3,4.7,5.2,20.0,13.1,10.2,5.8,3.6,20.7,12.2,7.2,12.0,1.5,10.8,23.8,9.2,8.1,5.0,0.0,2.3,6.7,2.97,6.3,21.4,2.0,0.0,9.4,2.3,4.688,0.0,5.3,7.3,7.1,13.3,,0.0,2.1,,6.3,7.6,4.2,2.326,1.5,,,3.9,15.7,0.0,2.8,11.644,6.1,6.9,5.4,2.192,16.3,21.3,35.8,3.4,16.5,,,,,,,8.625,,,,0.9,7.5,6.7,10.7,0.0,9.6,20.1,8.7,5.6,,4.1,8.7,17.1,,8.2,12.5,3.7,0.0,,8.3,,5.1,8.2,10.9,5.9,8.7,14.4,33.5,3.6,16.0,8.4,,6.3,4.2,3.0,4.6,,18.9,4.3,1.8,12.666,11.0,12.2,2.4,6.1,11.0,9.6,10.0,18.5,2.2,3.3,1.2,6.7,12.0
1993,,9.5,5.7,0.0,14.4,3.7,8.8,19.7,2.0,9.877,9.4,6.3,5.6,10.3,12.9,0.0,4.5,3.8,10.8,5.6,3.6,0.0,5.0,3.529,18.0,17.5,7.5,21.0,4.6,12.2,,1.6,10.2,2.381,7.6,12.3,22.8,3.6,10.0,20.5,0.0,33.0,11.7,,6.0,2.2,0.0,16.0,13.7,0.1,39.0,1.4,6.4,5.9,9.2,6.3,8.0,16.7,7.8,20.0,8.75,6.0,5.2,20.0,13.1,7.0,5.8,3.6,20.7,12.2,7.2,12.0,1.5,10.8,23.8,9.2,8.1,11.7,1.3,2.7,6.7,3.0,6.3,5.8,2.0,0.0,9.4,2.3,4.688,0.0,5.3,4.615,7.1,13.3,15.0,0.6,2.1,3.623,6.3,7.6,4.2,2.3,1.5,,,3.9,15.7,0.0,2.8,11.6,6.1,6.9,6.024,,16.3,21.3,39.4,3.4,21.2,,,,,,0.0,8.663186,,,,1.8,7.5,8.8,10.7,0.0,13.0,20.1,8.7,2.5,,4.1,,,,8.2,11.667,3.7,2.1,,8.3,,2.9,8.2,10.9,5.9,18.1,14.4,33.5,3.077,27.273,8.4,16.4,6.3,4.4,3.0,4.6,,18.9,4.3,1.8,10.769,11.0,12.2,2.4,6.1,11.0,9.6,5.9,18.5,2.2,0.7,1.2,6.7,12.0
1994,,9.5,5.7,0.0,14.4,3.7,8.8,21.9,2.0,9.877,9.4,6.3,5.6,10.6,13.3,0.0,,3.8,10.8,6.6,10.7,0.0,8.511,3.5,18.0,17.5,7.5,21.0,4.6,12.2,,1.6,10.8,0.0,7.6,14.0,22.8,3.6,10.0,26.2,0.0,33.0,11.7,6.7,4.5,2.2,21.0,16.0,13.7,,39.0,4.3,6.4,5.9,9.5,6.3,8.0,16.7,,10.0,7.5,6.0,7.5,20.0,13.1,7.0,5.8,3.6,20.7,12.2,8.0,12.7,1.5,10.8,23.8,9.2,15.1,11.7,1.3,2.7,11.9,3.0,6.3,5.8,2.0,0.0,9.4,2.3,5.7,0.0,5.3,4.6,7.1,20.0,15.0,0.6,4.8,3.7,6.3,14.2,3.3,2.3,1.5,,,3.9,13.6,0.0,2.8,5.65,6.1,18.056,6.0,,16.3,31.3,39.4,3.4,21.2,,,,,,0.0,9.479882,,,,1.8,8.3,8.8,10.7,0.0,13.0,20.1,8.7,2.5,,4.1,13.4,4.3,,8.2,11.7,3.7,2.1,,10.7,,2.9,8.2,7.273,5.9,14.7,14.4,40.4,3.1,27.3,9.6,16.4,1.235,4.4,3.0,18.0,,18.9,6.7,1.8,10.559,11.0,17.4,3.8,7.1,11.0,6.0,5.9,18.5,2.2,0.7,25.0,6.7,12.0
1995,,9.5,5.7,0.0,21.8,6.3,8.8,26.2,12.0,9.877,12.7,6.024,3.7,10.6,13.3,0.0,,3.8,10.8,6.6,10.7,0.0,8.5,3.5,18.0,21.0,7.5,21.0,8.0,12.2,,1.6,10.8,0.0,11.111,14.0,22.8,3.6,10.0,26.2,0.0,33.0,11.7,6.7,4.5,2.0,21.0,16.0,12.9,2.372,33.5,4.3,6.4,5.9,9.5,6.9,8.0,7.018,,10.0,7.5,6.0,12.5,20.0,12.0,7.0,7.9,3.6,20.7,12.2,8.0,12.7,1.5,10.8,25.4,9.2,15.1,11.7,1.3,2.7,11.9,3.0,1.4,5.8,2.0,0.0,9.4,2.3,5.7,0.0,5.3,4.6,7.1,20.0,9.0,0.6,4.8,3.7,6.3,14.2,3.3,2.3,1.5,,,3.9,25.2,0.0,7.576,5.6,7.8,18.1,3.614,,16.3,31.3,39.4,3.4,21.2,,,,,,0.0,9.65421,,,,1.8,8.3,10.0,8.8,0.0,13.0,20.1,13.0,2.5,,4.1,10.2,4.3,,8.2,11.7,3.7,2.1,,10.7,,2.9,8.2,7.3,5.9,14.7,14.4,40.4,3.1,27.3,9.6,16.4,1.2,6.1,2.8,18.0,,11.1,6.7,2.4,10.559,16.364,17.4,3.8,7.1,11.0,6.0,5.9,18.5,2.2,0.7,25.0,6.7,14.667
1996,,9.5,12.1,0.0,21.8,6.3,15.5,26.2,12.0,9.877,12.7,7.2,3.7,9.1,13.3,0.0,,3.8,10.8,6.6,10.7,0.0,8.5,3.5,18.0,21.0,7.5,21.0,8.3,12.2,,1.6,10.8,0.0,11.1,14.0,22.8,5.4,15.0,26.2,0.0,33.0,11.7,6.7,3.7,2.0,21.0,21.6,12.9,2.0,33.5,4.3,6.4,5.0,9.5,6.9,9.0,7.0,,10.0,7.5,6.3,12.5,20.0,12.0,7.0,7.9,3.6,20.7,12.2,7.2,12.7,1.5,6.4,25.4,7.5,11.1,11.7,1.3,4.6,13.4,3.0,1.4,5.8,3.0,0.0,9.4,2.3,5.7,0.0,5.3,4.6,17.5,20.0,9.0,0.6,4.8,3.7,6.3,14.2,3.3,2.3,5.8,,,7.9,25.2,1.266,7.6,5.6,7.8,18.1,,,10.8,31.3,39.4,3.4,29.2,,,,,,0.0,10.021988,,,,1.8,8.3,10.0,8.8,0.0,13.0,20.1,13.0,2.5,,7.3,10.2,4.3,,5.3,11.7,3.7,2.1,6.25,10.7,,5.1,5.3,7.3,15.7,14.7,7.8,40.4,3.1,27.3,9.6,16.4,1.2,5.6,2.8,18.0,,11.1,6.7,2.4,10.559,17.5,18.116,3.8,7.1,11.7,6.0,5.9,18.5,2.2,0.7,25.0,9.494,14.7
1997,,9.5,5.2,0.0,27.6,6.3,15.5,26.2,12.0,9.877,12.7,7.2,8.108,9.1,10.8,0.0,4.5,3.8,11.5,6.6,10.7,2.0,8.5,3.5,20.6,21.0,10.8,21.8,8.0,5.556,,,10.8,0.0,11.1,14.0,22.8,5.4,15.0,26.2,0.0,33.0,11.7,3.2,3.7,2.0,21.0,21.6,12.9,2.0,33.5,4.3,10.9,8.3,18.2,6.9,9.0,7.0,2.041,10.0,7.5,6.3,12.5,18.5,15.0,9.4,7.9,3.6,11.4,11.4,7.2,12.0,4.9,6.4,25.4,7.5,11.1,13.3,0.0,4.6,13.4,3.571,1.4,5.8,3.0,0.0,21.2,2.3,7.812,0.0,5.3,4.6,17.5,20.0,9.0,0.6,4.8,3.7,6.3,14.2,3.3,12.245,5.8,,,7.9,25.2,1.3,7.6,5.6,7.8,18.1,1.2,,10.8,31.3,36.4,3.4,29.2,,,,,,0.0,10.287939,,,,2.3,8.3,10.0,8.8,1.8,13.0,20.1,13.0,2.5,,7.3,10.2,17.1,,5.3,11.7,4.3,2.0,,16.7,,5.1,5.3,7.3,15.7,14.7,7.8,40.4,3.1,27.3,9.6,2.4,1.2,5.6,2.8,18.0,,11.1,6.7,2.4,14.024,17.5,18.1,3.8,7.1,11.7,6.0,5.9,26.2,2.2,0.7,25.0,9.7,14.7
1998,,15.5,5.2,0.0,27.6,6.3,21.6,26.2,12.0,14.4,12.7,7.2,9.0,9.1,10.8,0.0,4.5,3.8,11.5,5.7,10.7,2.0,8.5,6.422,20.6,21.0,10.8,21.8,8.0,5.6,,12.0,11.8,0.0,11.1,19.3,27.6,5.4,15.0,30.9,0.0,37.4,16.1,3.2,17.4,2.0,21.0,21.6,12.9,2.0,33.5,4.3,10.9,8.3,18.2,6.9,9.0,7.0,2.0,10.0,7.5,6.3,12.5,18.5,15.0,9.4,7.9,3.6,8.3,11.4,8.1,12.0,4.9,6.4,25.4,7.5,11.1,13.3,0.0,4.6,13.4,3.6,1.4,8.2,3.0,0.0,21.2,2.3,7.8,0.0,5.3,3.75,17.5,20.0,17.0,0.6,8.9,8.0,6.3,14.2,7.5,12.2,9.2,,,7.9,25.2,1.3,7.6,5.6,7.8,18.1,1.2,,10.8,36.0,36.4,3.4,29.2,,,,,,0.0,10.903269,,,,2.3,8.3,10.0,12.4,1.8,13.0,20.1,13.0,2.5,,7.3,10.2,17.1,,5.3,12.143,4.3,2.0,,16.7,,5.1,5.3,9.091,15.7,12.7,7.8,42.7,3.077,23.529,10.4,2.4,1.2,5.6,2.8,18.0,,11.1,6.7,2.4,14.024,17.5,18.1,7.8,7.1,13.3,6.0,12.1,26.2,0.0,0.7,25.0,10.3,14.7
1999,,15.5,5.16,0.0,26.46,3.05,21.62,26.23,12.0,14.4,23.33,6.02,5.61,9.09,10.83,0.0,4.5,4.55,11.54,5.65,10.71,2.0,17.02,7.3,20.6,22.5,10.83,21.82,,5.56,,12.0,11.8,,11.11,19.3,27.62,5.36,15.0,30.94,0.0,37.43,16.11,3.16,17.36,1.98,22.0,21.43,17.82,2.01,36.5,11.3,10.92,8.33,18.21,7.23,9.0,7.02,2.04,7.84,5.0,6.33,7.08,18.46,16.6,9.38,7.9,3.61,8.29,8.0,8.44,12.05,4.9,6.4,34.92,11.67,11.11,13.3,0.0,4.6,10.39,2.68,4.76,8.2,3.01,0.0,21.21,2.32,7.81,0.0,5.33,3.75,17.5,16.67,17.0,0.62,8.9,8.0,6.0,14.2,7.5,12.24,9.23,,,7.89,30.0,1.3,7.58,9.3,7.25,25.0,1.2,3.42,10.8,36.0,36.36,5.85,29.17,,,,,,0.0,11.513416,,,,,9.72,10.0,11.26,1.83,13.04,20.09,18.7,2.5,,7.29,7.56,17.1,,,12.14,4.3,2.04,,15.48,,5.07,,9.09,15.69,12.67,7.78,42.69,3.08,23.53,10.4,2.4,4.94,5.6,2.76,26.0,,11.11,11.54,4.18,19.11,17.5,17.79,7.8,12.12,13.33,7.2,8.77,26.22,0.0,0.66,30.0,10.13,14.67
2000,,15.5,5.16,0.0,26.46,3.05,23.0,26.78,10.48,14.4,23.33,6.02,5.61,9.09,10.83,0.0,7.14,10.31,11.54,5.65,10.71,9.3,17.02,7.3,20.6,22.5,10.83,21.82,,5.56,,12.0,11.8,,11.11,19.3,27.62,5.36,15.0,30.94,0.0,37.43,16.11,3.4,17.36,2.42,22.0,28.29,17.82,7.68,36.5,,10.92,8.3,18.21,7.23,9.0,7.02,2.04,7.84,5.0,8.67,7.1,18.46,18.3,9.38,20.53,3.61,8.29,8.0,8.84,12.05,3.45,7.6,34.92,11.7,11.11,13.3,,7.29,10.39,2.68,2.22,8.2,13.04,0.0,21.21,2.32,7.81,0.0,4.0,3.75,10.64,16.67,17.0,0.62,8.9,8.0,6.0,16.0,7.5,12.24,9.23,,,10.53,30.0,1.3,5.71,9.3,7.25,25.0,1.2,3.42,10.8,36.0,36.36,5.85,29.2,,,,,,0.0,12.114088,,,,,9.72,10.0,11.26,1.83,13.04,20.09,18.7,2.5,,10.72,7.56,25.7,,9.72,12.14,4.3,,,9.52,,7.25,9.72,9.09,17.65,12.67,12.2,42.69,3.08,23.53,10.4,2.4,4.94,5.6,12.7,26.0,,11.11,11.54,4.18,19.11,22.18,17.79,7.8,12.12,14.02,7.2,9.7,26.22,0.0,0.66,29.82,10.13,9.33
2001,,15.5,5.71,0.0,30.74,3.05,25.33,26.78,10.48,14.4,23.33,6.02,5.61,2.0,26.25,0.0,7.14,10.31,11.54,5.65,10.71,9.3,17.02,7.3,20.6,22.5,12.5,21.82,8.52,5.56,,12.0,11.8,,11.11,19.3,27.62,10.71,15.0,30.94,0.0,37.99,16.11,3.4,17.36,2.86,22.0,28.29,17.82,7.68,36.5,5.7,10.92,9.2,17.91,7.23,9.0,7.02,2.04,7.84,5.0,8.67,7.08,20.0,18.3,5.47,20.53,3.61,8.29,8.0,8.66,12.05,3.45,7.6,34.92,11.67,9.84,13.3,,7.29,10.39,2.68,2.22,8.2,13.04,0.0,21.21,2.32,7.81,0.0,4.44,3.75,10.64,16.67,17.0,0.62,12.9,8.0,6.0,16.0,7.5,12.24,9.23,,,10.53,30.0,3.7,5.71,9.3,7.25,25.0,1.2,3.42,20.65,36.0,35.8,5.85,29.17,,,,,,0.0,12.531667,,,,,9.72,18.33,17.76,1.83,20.22,20.09,18.7,2.5,,10.72,7.56,25.7,,9.72,19.17,16.0,0.0,,9.52,,7.25,9.72,9.09,17.65,12.67,12.22,42.69,3.08,23.53,10.4,2.4,4.94,8.64,12.7,26.0,,11.11,11.54,4.18,19.11,22.18,24.67,7.8,12.12,14.02,7.2,9.7,26.22,0.0,0.66,30.0,12.03,10.0
2002,,15.5,5.71,0.0,30.74,3.05,25.33,33.88,10.48,18.4,23.33,6.02,11.71,2.0,26.25,0.0,16.67,10.31,18.46,8.58,10.71,9.3,17.02,7.3,20.6,22.5,12.5,21.8,8.52,8.89,,8.5,12.05,,11.11,31.58,27.62,10.71,17.0,32.17,0.0,37.99,17.33,6.17,16.0,2.86,22.0,28.29,17.82,7.68,36.5,5.7,12.37,9.24,17.91,7.23,9.0,19.3,5.7,7.84,5.0,8.67,7.08,20.0,18.3,5.47,20.53,3.61,9.1,8.0,8.66,13.25,3.45,7.6,34.92,11.67,9.84,11.67,,7.29,10.39,7.14,2.22,8.2,13.04,0.0,22.94,2.32,7.81,0.0,4.44,11.67,10.64,16.67,18.0,10.77,12.9,3.8,6.0,16.0,17.5,10.2,9.23,,,10.53,30.0,3.7,5.71,9.3,7.25,25.0,1.2,3.42,20.65,34.0,35.8,,29.17,,,,,,0.0,13.457546,,,,21.64,9.72,18.33,17.76,0.92,20.22,20.09,19.13,2.5,,10.72,10.22,25.7,,9.72,19.17,16.0,0.0,14.52,9.52,,7.25,9.72,9.09,17.65,17.3,12.22,45.27,3.08,29.41,10.4,5.8,7.41,8.64,12.7,26.0,,19.44,11.54,4.36,22.22,22.18,24.67,5.33,12.12,14.25,7.2,9.7,27.31,1.92,0.66,30.0,12.03,10.0
2003,,15.5,5.71,0.0,30.74,4.58,25.33,33.88,10.48,18.4,35.33,7.23,11.71,2.0,26.25,0.0,16.67,10.31,18.46,8.58,10.7,9.3,17.02,,20.6,25.0,12.5,21.8,8.52,8.89,12.0,8.5,12.05,,11.11,31.58,35.96,10.71,17.0,32.17,10.77,37.99,17.33,6.17,16.0,2.86,,28.29,18.81,7.68,37.5,5.7,12.37,9.24,17.91,7.23,9.0,19.3,5.7,,5.0,8.67,7.1,20.0,18.3,5.47,20.5,3.61,9.1,8.0,8.66,13.25,3.45,,30.16,15.0,9.84,11.67,5.45,7.08,10.39,7.14,2.22,9.76,13.04,0.0,22.94,2.32,7.81,0.0,4.44,11.67,10.64,16.67,18.0,10.77,12.9,3.75,6.0,22.6,17.5,10.2,9.23,,,10.53,30.0,3.7,5.71,9.3,7.25,25.0,1.2,6.67,20.65,36.67,35.8,,29.17,,,,,,0.0,13.987607,,,,21.64,9.72,18.33,17.76,0.92,20.22,20.09,19.13,8.8,,10.72,10.22,48.75,0.0,9.72,19.17,16.0,0.0,14.52,10.71,,7.94,9.72,9.09,17.65,17.3,12.22,45.27,10.77,29.41,12.0,5.81,4.9,8.64,12.7,26.0,25.29,19.44,11.54,4.36,22.22,22.18,24.67,5.33,12.12,14.25,7.2,9.7,27.31,1.92,0.33,30.0,12.03,10.0
2004,,15.0,5.71,0.0,35.41,4.58,24.67,33.88,10.48,18.4,35.33,7.23,11.71,2.0,26.25,0.0,16.67,29.09,18.46,8.58,13.33,9.2,11.11,7.3,21.1,25.0,12.5,20.23,8.52,8.89,12.0,8.5,12.05,3.03,11.11,31.58,35.96,16.1,17.0,32.17,10.77,37.99,17.33,6.17,16.0,4.92,,36.0,18.81,7.68,37.5,7.04,12.37,9.24,17.81,9.36,10.87,19.3,13.21,13.73,14.0,13.0,8.23,20.0,18.3,5.47,21.7,,8.55,11.27,8.29,13.25,3.1,,30.16,15.0,9.84,11.67,5.45,7.08,10.39,7.14,2.22,9.76,13.04,0.0,22.94,2.32,7.81,0.0,4.89,11.67,21.99,23.3,21.0,10.77,15.84,3.75,6.0,22.6,17.5,10.2,9.23,,,6.58,34.8,3.7,5.71,14.59,9.13,26.92,12.39,6.67,20.65,36.67,36.36,,29.17,2.41,,,,,0.0,14.640539,,,,21.64,16.67,18.33,15.68,0.92,20.22,20.09,19.13,10.0,,11.45,10.22,48.75,0.0,9.72,19.17,16.0,0.0,14.52,10.71,6.78,7.94,9.72,9.09,19.61,16.7,12.22,45.27,10.77,29.41,12.0,5.81,6.17,8.83,12.7,15.38,25.29,19.44,22.75,4.36,22.22,22.18,24.67,5.33,12.12,14.94,17.5,9.7,27.31,3.85,0.33,32.75,12.03,10.0
2005,27.31,15.0,7.14,0.0,35.41,4.58,24.67,33.88,12.0,30.51,35.33,7.23,11.71,14.78,20.83,0.0,16.67,29.09,16.92,8.58,13.33,9.3,11.11,10.48,21.1,25.0,15.0,20.23,8.52,8.89,12.0,8.5,12.05,3.03,11.11,31.58,35.96,16.1,17.0,31.76,10.77,36.87,17.33,6.17,16.0,1.98,,36.0,18.81,22.05,37.5,7.04,12.37,9.24,19.81,9.36,10.87,19.3,13.21,13.73,14.0,13.0,8.23,20.0,18.3,23.44,21.7,,8.55,11.27,8.29,13.25,3.1,,30.16,15.0,9.84,11.67,5.45,8.96,10.39,7.14,0.0,9.76,13.04,1.5,22.94,4.69,12.5,4.7,4.89,11.67,21.99,23.3,21.0,10.77,15.84,3.75,12.0,22.6,17.5,10.2,9.23,,,6.58,34.8,,17.14,14.59,9.13,26.92,12.39,6.67,20.65,36.67,37.87,,32.23,2.41,,,,,0.0,15.676205,,,,21.64,16.67,18.33,15.68,0.92,20.43,20.09,21.3,10.0,,11.45,10.22,48.75,0.0,14.67,19.17,16.0,,14.52,10.71,6.78,7.94,14.67,9.09,25.49,16.7,12.22,45.27,10.77,29.41,12.0,5.81,7.41,10.6,17.46,15.38,25.29,19.44,22.75,4.36,20.89,30.41,24.67,5.33,12.12,14.94,17.5,17.37,27.31,3.85,0.33,32.75,12.03,16.67
2006,27.31,15.0,7.14,5.0,35.02,4.58,24.67,32.24,10.48,30.51,35.33,7.23,11.71,,20.83,2.5,14.29,29.09,16.92,8.77,13.33,2.67,11.11,10.48,20.78,25.0,15.0,20.23,8.52,8.89,8.4,8.5,8.43,3.03,15.28,38.6,35.96,14.29,15.5,31.6,10.77,36.87,19.66,6.17,25.0,1.98,,36.0,18.81,21.93,38.0,,12.37,12.5,19.81,9.36,10.87,19.3,13.21,13.73,14.0,13.0,8.23,28.99,18.3,23.44,21.7,2.04,10.36,11.27,8.29,13.25,3.1,25.45,30.16,13.22,17.3,11.67,5.45,9.41,10.39,7.14,0.0,9.76,13.04,1.54,25.22,4.69,12.5,7.69,4.89,11.67,24.82,23.33,19.0,10.77,21.78,3.75,12.0,22.6,28.33,10.2,9.23,,8.64,6.58,34.8,,17.14,14.59,9.13,26.92,12.39,6.11,15.22,36.67,37.87,5.85,32.23,2.41,,,,,0.0,15.985824,,,,21.64,16.67,29.17,15.25,0.92,20.43,20.09,21.3,10.0,0.0,11.18,14.0,48.75,0.0,17.78,19.17,21.18,0.0,14.52,16.67,6.78,7.94,17.78,7.27,25.49,20.0,12.22,47.28,10.77,29.41,12.0,5.81,8.64,10.6,17.46,15.38,25.29,19.44,22.75,4.36,20.89,30.41,27.64,8.7,12.12,16.32,17.5,17.96,27.31,3.85,0.33,32.75,14.65,16.67
2007,27.69,15.0,7.14,22.5,40.0,9.16,26.67,32.79,10.48,30.51,35.33,8.43,11.71,,21.67,2.5,11.9,29.09,16.92,8.97,13.33,2.67,11.11,10.48,21.3,29.5,15.0,20.62,8.87,13.89,8.4,7.3,8.43,3.03,18.06,36.8,35.96,14.29,15.5,31.6,13.85,37.43,19.66,6.17,25.0,1.98,,36.0,20.79,22.05,41.5,,18.54,16.67,19.81,9.36,10.87,19.3,9.43,13.73,14.0,14.67,12.03,28.99,20.0,23.44,20.92,4.08,10.36,11.64,9.06,13.25,3.1,25.45,33.33,14.17,17.3,13.33,6.36,8.96,15.89,9.38,25.56,9.76,14.38,1.54,25.22,4.69,12.5,7.69,4.89,24.17,21.99,20.0,20.0,10.46,21.78,9.45,12.0,23.2,29.17,10.2,9.23,,11.11,6.58,34.8,17.89,17.14,14.59,10.0,26.92,12.39,6.98,18.48,36.67,36.09,17.33,33.06,0.0,,,,,0.0,17.066883,,,,21.05,16.67,29.17,20.42,0.92,20.43,20.09,28.26,10.0,0.0,11.45,14.0,48.75,0.0,18.1,22.0,24.47,0.0,12.9,16.67,6.78,20.4,18.1,1.82,25.49,19.33,12.22,47.28,13.85,23.53,12.0,5.81,11.11,11.67,17.46,15.38,29.23,26.83,22.8,9.09,20.89,30.41,31.68,8.22,12.12,16.32,17.5,18.56,25.76,3.85,0.33,32.75,15.19,16.0
2008,27.31,37.27,7.14,22.5,40.0,8.4,26.67,27.32,10.48,30.51,36.67,8.43,15.3,,20.83,2.5,14.29,31.82,16.92,8.97,10.0,8.51,11.11,10.48,22.08,29.5,15.0,21.33,8.52,13.89,8.4,7.3,8.43,3.0,18.06,36.8,43.16,14.29,15.5,32.19,13.85,37.43,19.66,6.17,25.0,1.98,,36.29,23.76,22.05,41.5,,18.54,12.5,19.81,6.0,7.83,,9.43,10.0,6.0,16.0,12.03,30.0,18.3,23.44,20.92,4.08,10.36,11.27,8.29,13.25,2.76,25.45,31.75,14.17,21.27,13.33,6.36,8.96,15.89,9.82,25.56,16.26,13.71,3.08,25.22,4.69,12.5,7.69,4.89,24.37,24.82,20.0,20.0,10.46,21.78,9.45,12.0,22.6,30.0,10.2,8.7,,11.1,4.17,34.8,17.89,17.14,14.59,10.81,26.92,12.39,6.98,18.48,36.67,37.87,18.84,33.61,0.0,,,,,0.0,17.364437,,,,22.35,16.67,29.17,20.42,0.92,20.22,13.67,27.83,12.5,0.0,11.38,14.0,56.25,0.0,18.1,22.0,24.47,0.0,12.9,16.67,6.78,21.6,18.1,7.27,25.49,20.0,13.33,47.28,13.85,23.53,12.4,5.81,11.1,11.67,17.46,16.8,29.23,26.83,22.75,9.09,30.09,30.41,30.75,8.44,12.12,17.01,17.5,17.37,25.76,3.85,0.33,32.75,14.56,15.24
2009,27.31,38.64,16.43,22.5,38.52,9.16,27.33,28.42,10.48,31.36,38.0,8.43,15.3,18.55,20.83,2.5,19.05,31.82,22.31,8.77,10.0,8.51,7.94,9.62,22.08,29.0,14.17,21.33,8.52,13.89,8.4,7.3,8.43,3.03,18.06,36.8,43.16,12.5,15.5,32.8,13.85,37.43,19.66,6.17,32.26,1.76,,36.57,22.77,22.05,40.0,,18.54,12.5,19.81,6.0,8.26,,7.55,10.0,6.0,17.33,12.03,28.99,18.3,17.97,23.53,4.08,10.36,17.86,10.83,13.25,2.76,25.45,42.86,17.5,21.27,13.33,6.36,11.25,17.76,9.38,25.56,21.14,13.71,7.69,25.22,3.13,12.5,7.69,4.89,24.37,19.15,25.0,22.0,10.46,23.76,,6.49,28.2,32.5,10.2,8.7,,11.11,3.95,39.2,17.89,17.14,21.24,10.81,24.36,,6.98,20.65,42.0,39.64,32.78,33.61,0.0,,,,,0.0,18.081013,,,,22.35,8.45,27.5,20.97,0.92,20.43,13.67,27.83,12.5,0.0,11.38,14.0,56.25,0.0,18.92,22.0,24.47,0.0,12.9,19.05,6.78,21.6,18.92,7.27,25.49,20.0,13.33,46.42,13.85,23.53,12.4,5.81,11.1,13.32,17.46,16.8,29.23,26.83,27.57,9.09,30.09,30.41,30.75,8.0,14.14,16.78,22.0,17.47,25.76,3.85,0.33,43.5,14.01,14.95
2010,27.71,38.64,16.43,22.5,38.52,9.16,24.67,27.87,16.0,30.19,39.33,10.84,15.32,18.55,20.83,10.0,21.43,31.82,25.38,8.58,10.0,8.51,7.94,9.62,22.08,29.0,14.17,21.33,8.87,13.89,8.4,7.3,12.65,3.0,18.06,38.6,43.16,12.5,22.0,32.8,13.85,37.99,20.77,6.17,32.26,12.7,,36.57,22.77,27.79,40.0,,18.54,14.66,22.0,5.11,8.26,,7.55,10.0,10.0,17.33,12.03,30.0,18.3,17.97,23.53,4.21,9.07,18.04,10.83,13.94,2.76,25.23,42.86,19.17,21.27,13.33,10.83,11.25,17.76,9.38,23.33,21.14,14.72,7.69,25.22,3.13,12.5,7.69,5.33,24.17,19.15,20.0,20.0,10.46,18.81,12.5,6.49,26.2,32.5,10.2,8.7,,11.11,3.95,39.2,17.89,18.84,20.83,9.91,26.92,,6.98,20.65,40.67,39.64,33.16,33.61,0.0,,,,,0.0,18.434235,,,24.4,22.22,8.45,27.5,21.4,0.92,20.0,15.57,27.39,12.5,0.0,11.38,14.0,56.25,0.0,25.56,22.67,23.4,0.0,12.9,19.05,6.86,21.6,25.56,18.18,9.8,15.33,14.44,44.99,13.64,23.53,12.4,5.16,11.11,13.32,19.05,16.8,29.23,29.27,27.57,9.09,30.09,36.0,31.48,8.0,15.15,16.78,22.0,16.97,25.76,3.85,0.33,44.5,14.01,14.95
2011,27.71,37.27,16.43,17.5,37.35,9.16,24.67,27.87,16.0,30.19,39.33,9.64,15.3,19.71,20.83,10.0,21.43,31.82,22.31,8.58,10.0,8.51,7.94,12.5,24.68,28.5,14.17,21.33,9.16,13.89,8.94,7.3,12.65,3.03,20.83,38.6,43.16,10.71,22.0,32.8,13.85,39.11,20.77,6.17,32.26,,,36.0,18.81,27.79,42.5,,18.54,13.27,22.92,6.0,7.83,,7.5,10.0,10.0,17.33,13.29,31.34,18.3,17.97,23.84,4.21,9.07,18.21,10.83,15.06,2.76,25.23,42.86,17.5,21.27,12.7,10.83,11.25,17.8,9.38,23.33,16.26,13.71,7.69,25.0,3.13,10.96,,5.33,24.17,19.1,25.0,23.0,16.96,18.81,17.53,6.49,28.2,30.89,10.2,8.7,5.98,11.11,3.95,39.2,17.89,18.84,21.24,10.81,24.36,13.27,3.69,40.22,40.67,39.64,32.78,32.23,1.19,,,,,0.0,18.870995,,,24.4,22.35,8.45,21.54,22.14,0.92,23.91,13.67,28.7,12.5,0.0,11.38,13.56,56.25,0.0,25.56,22.67,22.22,0.0,12.9,19.05,6.78,21.6,26.51,18.18,9.8,15.33,32.22,44.99,13.85,43.75,12.4,14.89,11.1,15.8,19.05,16.8,27.69,28.57,26.27,14.18,30.09,36.0,34.97,8.0,14.14,16.78,22.0,16.97,24.4,3.85,0.33,43.5,10.97,13.33
2012,27.71,36.8,16.43,17.5,37.35,10.69,24.67,27.87,16.0,30.19,39.33,9.64,15.75,19.71,20.83,10.0,21.43,26.36,22.31,8.58,10.0,8.51,7.94,11.4,24.68,28.5,14.17,21.33,9.16,13.89,8.94,7.35,12.65,3.03,20.83,38.6,43.16,10.71,22.0,32.8,13.85,39.11,20.77,31.6,32.26,,,36.0,18.81,27.79,42.5,,26.86,13.27,22.92,12.0,10.91,,7.55,10.0,10.0,21.0,13.29,31.34,15.71,17.97,23.8,4.21,9.07,18.21,10.83,15.06,3.1,25.23,42.86,17.5,21.27,12.7,10.83,7.92,24.3,9.38,23.33,16.26,15.67,6.15,25.0,3.13,10.96,16.5,5.33,25.0,24.46,25.0,23.0,16.71,18.81,17.53,6.49,36.8,34.15,,8.7,5.98,17.28,14.86,39.2,17.89,18.84,21.24,10.81,24.36,13.27,3.69,40.22,38.67,39.64,,32.23,1.19,,,,,0.0,19.656647,,,24.4,22.35,8.45,21.54,22.14,2.7,23.91,15.67,28.7,12.5,0.0,13.35,13.56,56.25,0.0,25.56,42.67,22.22,2.0,12.4,26.19,13.82,32.4,26.51,18.18,9.8,18.67,32.22,44.99,13.85,41.18,12.0,14.89,11.1,15.8,19.05,16.8,38.46,28.57,26.27,14.18,33.63,36.0,34.93,9.44,14.14,17.97,22.0,16.97,24.4,0.0,0.33,43.5,10.76,13.33
2013,27.71,36.8,17.86,17.5,36.58,10.69,26.0,33.33,16.0,32.08,39.33,9.64,15.75,19.71,24.58,2.5,16.67,26.36,22.31,8.58,16.67,6.38,7.94,11.4,24.68,28.5,15.83,23.4,9.16,31.11,8.94,7.35,12.65,3.03,20.83,38.6,48.86,10.71,19.5,36.45,12.7,39.11,20.77,31.6,38.69,,,36.0,18.81,27.79,42.5,,26.86,13.27,22.0,12.0,10.91,,7.55,10.0,22.0,21.0,13.29,31.34,15.71,25.78,23.84,4.21,9.07,18.21,10.83,15.06,3.1,25.23,39.68,22.5,28.41,12.7,12.0,7.92,24.3,18.57,23.33,20.33,15.67,6.15,25.0,3.13,10.96,16.5,5.33,25.0,24.11,23.33,23.0,16.71,18.81,23.13,6.49,36.8,27.64,,14.29,3.22,14.81,14.86,39.2,25.17,18.84,22.28,10.36,24.36,13.27,3.69,40.22,38.67,39.64,,32.23,1.19,,,32.5,,0.0,20.612648,,,24.4,20.74,8.45,21.54,27.34,2.7,23.91,18.45,28.7,12.5,0.0,13.35,13.56,63.75,19.87,25.56,42.67,22.22,0.0,12.4,27.38,13.82,32.4,26.51,18.18,9.8,18.7,32.22,44.99,6.15,41.18,12.0,14.9,15.38,,19.05,26.4,38.46,28.57,28.11,14.18,33.63,36.0,34.93,9.73,14.14,18.29,22.0,16.97,24.4,0.0,0.33,43.5,10.76,31.48
2014,27.71,36.82,20.71,17.5,36.19,10.69,26.67,30.6,15.57,30.48,39.33,8.43,13.33,20.0,20.42,7.5,21.43,27.27,53.08,9.94,16.67,8.51,9.52,11.4,25.16,30.5,15.83,23.62,9.16,31.11,8.94,7.35,19.88,3.03,20.83,33.33,48.86,12.5,19.0,36.45,12.73,37.99,20.77,31.6,41.61,,,41.14,19.0,27.79,42.5,,26.17,14.17,22.77,11.33,10.91,21.93,9.43,13.73,24.0,21.0,13.29,31.34,15.71,25.78,23.8,4.21,10.1,17.12,11.97,16.27,3.1,25.3,41.27,22.5,30.95,12.7,12.0,9.47,26.17,19.71,23.33,20.33,16.33,4.0,25.0,3.13,10.96,15.96,5.78,26.67,23.4,28.33,18.0,16.96,20.79,20.53,5.88,37.4,33.33,9.52,14.3,6.19,17.28,14.86,39.6,25.17,11.59,16.67,10.36,41.35,13.27,6.67,40.2,37.33,39.64,29.48,31.4,1.19,,,31.0,,0.0,21.211723,,,24.4,20.74,18.31,22.31,27.24,2.7,24.13,16.3,31.3,15.0,0.0,13.72,13.56,63.75,19.87,24.29,42.67,25.25,2.0,12.4,27.38,13.82,34.0,26.51,18.18,11.76,18.67,36.67,43.55,6.15,43.75,12.0,14.89,17.58,6.09,19.0,25.81,38.46,28.57,31.34,14.42,33.63,36.0,34.97,11.85,22.22,19.31,16.0,16.97,24.3,0.0,0.33,40.75,12.66,31.48
2015,27.71,36.82,20.71,22.5,35.8,10.69,26.67,30.6,16.81,36.36,39.33,7.23,9.45,20.0,20.42,7.5,21.43,27.27,53.08,9.94,16.67,8.51,9.52,11.4,26.04,32.5,15.83,23.62,9.16,31.11,8.94,7.35,19.88,3.03,20.83,33.33,48.86,12.5,20.0,36.45,12.73,37.43,20.77,31.6,41.61,,,40.0,23.76,38.76,41.5,16.0,26.17,14.17,29.38,11.33,10.91,21.93,9.43,13.73,24.0,19.67,13.92,30.43,15.71,25.78,15.23,2.54,10.1,17.12,11.97,16.27,3.1,25.3,41.27,26.67,30.95,12.7,12.0,9.47,26.17,19.71,19.17,20.33,16.33,4.0,25.0,3.13,10.96,15.96,5.78,25.0,23.4,28.33,18.0,16.96,21.78,20.53,5.88,42.37,33.33,8.84,14.3,9.93,17.28,14.86,39.6,25.17,11.59,16.67,10.36,41.35,13.27,5.56,40.2,37.33,39.64,29.55,31.4,1.18,,,31.0,,0.0,21.503656,,,24.4,20.59,18.31,22.31,27.24,2.7,27.39,16.3,35.65,15.0,0.0,13.72,13.56,63.75,19.87,30.52,42.67,23.91,2.0,12.4,32.14,13.82,34.0,26.51,18.18,25.49,18.67,36.67,43.55,6.15,43.75,12.0,14.89,17.58,6.09,19.05,25.81,38.46,30.95,31.34,14.91,33.63,36.56,34.97,12.09,22.22,19.35,16.0,14.37,24.3,0.0,0.0,40.75,12.66,31.48
2016,27.71,38.18,22.86,22.5,38.91,10.7,28.67,30.6,16.81,36.36,38.0,7.23,11.02,20.29,19.17,7.5,21.43,34.55,53.08,10.72,16.67,8.51,9.52,8.57,26.27,32.5,15.83,23.7,10.98,31.11,8.94,7.35,18.67,6.06,23.61,35.09,48.86,17.86,20.0,36.98,10.77,37.43,26.84,31.6,41.61,14.93,,39.14,26.73,38.76,41.5,16.0,25.82,17.09,30.0,14.77,13.09,21.93,9.43,13.73,24.0,18.33,12.66,31.88,14.7,25.78,20.53,2.56,10.05,19.82,11.81,22.15,5.88,25.3,47.62,27.5,30.95,17.46,15.38,9.26,27.1,19.43,19.17,20.33,17.0,3.08,27.52,3.13,12.33,15.96,5.78,25.0,21.28,28.33,16.0,20.51,22.77,19.21,5.88,42.37,39.17,8.84,14.3,10.16,23.46,17.11,39.6,25.17,11.59,16.67,10.36,41.35,16.96,5.56,42.4,38.0,39.64,29.58,34.17,1.18,,,,,0.0,22.1772,,,36.36,20.59,18.31,27.69,29.45,2.7,28.04,16.3,35.65,13.75,0.0,20.67,15.78,61.25,19.87,30.52,42.67,23.76,2.0,12.4,32.14,24.24,34.0,28.46,18.18,25.49,20.0,36.67,43.55,6.15,21.21,13.2,14.9,17.58,4.86,19.05,25.81,38.46,30.95,31.34,14.91,38.05,36.39,34.3,12.29,20.2,19.08,16.0,22.16,26.72,0.0,0.0,40.75,17.96,32.59
2017,27.71,38.2,27.86,22.5,38.91,18.1,28.67,34.43,16.81,36.36,38.0,7.23,11.02,20.29,23.75,7.5,21.43,34.55,53.08,10.72,16.67,8.51,9.52,8.57,27.0,32.5,22.58,24.25,10.59,31.11,8.94,11.26,18.67,6.06,23.61,35.09,48.86,17.86,22.0,30.89,10.77,37.43,26.84,25.76,37.96,14.93,,39.14,26.73,38.76,42.0,16.0,36.69,17.09,32.0,16.0,13.09,21.93,10.34,13.73,20.0,19.67,12.66,31.88,15.62,25.78,18.54,2.54,10.05,19.82,11.81,22.15,5.88,25.3,38.1,27.5,30.95,17.46,15.38,10.11,27.1,21.78,19.17,20.33,17.0,3.08,27.52,3.13,12.33,15.96,5.78,22.88,21.28,28.33,16.0,20.51,22.77,19.21,5.88,42.6,38.3,8.84,11.94,10.16,23.46,17.11,39.6,25.17,11.59,16.67,10.36,41.35,16.96,5.56,45.65,36.0,41.42,32.73,38.33,1.18,,,33.0,,0.0,22.414772,,,36.36,20.59,18.31,27.69,29.45,0.0,28.04,16.3,35.65,13.75,9.75,20.67,15.78,61.25,19.87,30.52,41.82,23.0,2.0,12.4,32.14,24.36,34.0,28.46,18.18,25.49,20.0,36.67,43.55,6.15,21.21,13.2,14.9,17.58,4.8,19.05,25.81,32.31,30.95,31.34,14.57,38.05,37.18,34.3,12.29,20.2,19.44,16.0,22.16,26.72,0.0,0.0,42.13,17.96,32.58
2018,27.31,30.0,29.29,22.5,38.82,24.24,30.0,37.16,16.81,36.36,38.0,7.23,13.39,20.57,25.83,15.0,21.43,34.55,53.08,10.72,20.0,14.89,9.52,8.57,26.95,32.5,22.58,24.94,10.98,31.11,10.31,11.26,18.13,6.06,23.61,45.61,53.22,17.86,22.5,30.89,26.15,37.43,26.84,25.76,37.96,14.93,,41.14,28.71,38.76,41.5,19.61,39.58,17.91,32.0,14.77,13.09,21.93,10.34,13.73,20.0,18.67,18.99,31.88,15.94,21.09,20.53,2.54,12.56,18.21,12.6,22.15,5.88,25.23,38.1,29.17,35.71,17.46,15.38,10.15,27.1,21.78,19.17,20.0,17.11,4.62,27.52,4.69,12.33,15.96,5.33,23.33,21.28,28.3,31.0,20.51,22.77,19.21,4.71,48.2,38.33,8.84,11.94,11.32,23.46,17.11,39.6,20.26,11.59,16.67,13.9,46.15,16.96,5.56,44.57,31.33,40.83,32.73,40.0,1.18,,,33.0,,0.0,23.041704,,,36.36,20.23,18.31,30.0,29.45,0.0,29.13,16.3,35.65,15.0,9.76,20.67,15.78,61.25,19.87,27.65,41.82,23.0,2.04,12.33,30.95,24.36,37.65,28.46,14.55,29.41,20.0,24.44,47.28,7.25,21.21,13.2,14.88,16.48,5.42,19.05,25.0,33.85,30.95,35.94,17.45,38.05,36.9,34.86,11.58,22.22,23.5,16.0,22.16,26.72,0.0,0.0,42.75,17.96,31.85
2019,27.02,30.0,29.51,50.0,40.86,23.48,30.46,39.34,16.81,36.36,40.67,7.23,13.39,20.92,26.67,15.0,21.43,40.0,53.08,14.62,20.0,14.89,10.77,8.57,28.99,41.5,22.58,24.94,12.0,31.11,12.8,11.26,18.34,6.06,25.0,45.61,53.22,19.64,22.5,31.17,26.15,39.66,26.84,25.76,39.42,15.1,,44.0,28.71,38.76,46.0,19.61,39.51,14.79,33.8,14.09,13.09,21.93,8.62,13.73,21.0,20.67,19.38,31.88,16.41,21.09,20.53,2.54,12.06,20.3,14.39,22.15,5.88,26.44,38.1,23.33,35.71,17.46,15.38,9.89,27.1,21.78,19.17,20.0,16.67,6.3,27.52,4.69,12.33,15.96,5.33,23.33,24.11,30.0,30.0,20.51,24.75,15.89,4.6,48.2,39.17,9.52,13.43,11.11,23.46,17.33,41.2,20.26,20.0,22.92,14.4,42.7,16.96,3.38,47.25,33.33,41.42,32.73,40.83,2.33,,,31.66,,0.0,23.883429,,,36.36,20.23,22.54,30.0,27.96,0.0,28.7,17.61,38.7,16.25,9.76,21.88,15.78,61.25,19.87,,43.03,23.0,6.1,12.33,30.95,24.36,37.65,28.46,14.55,31.37,20.0,27.78,46.99,9.59,21.21,12.4,15.43,18.68,16.2,19.05,25.0,38.46,30.95,24.88,17.32,38.05,36.9,34.86,20.8,21.21,23.43,32.0,22.16,26.72,0.0,0.33,46.3,16.77,31.85
2020,27.02,29.55,29.51,50.0,42.41,22.73,31.13,39.89,17.36,38.21,42.0,8.43,6.3,20.86,27.08,15.0,26.19,40.0,53.08,14.62,20.0,14.89,10.77,8.57,29.59,42.0,22.58,24.94,11.37,33.89,12.8,11.26,18.82,16.67,26.39,45.61,53.41,21.43,23.0,31.45,26.15,39.66,27.89,25.97,39.42,27.41,,44.0,27.72,38.76,46.0,21.57,39.51,16.2,33.85,20.67,14.55,16.67,8.62,13.73,23.0,21.67,19.38,35.71,14.29,21.09,31.13,2.54,12.56,21.04,14.44,22.5,5.59,26.44,39.68,26.67,35.71,28.57,11.54,9.89,27.1,21.61,17.09,21.6,19.0,1.54,27.52,4.69,10.96,15.96,5.38,23.33,27.66,31.67,29.0,20.51,24.75,17.88,4.6,48.2,39.17,27.27,13.43,16.83,24.69,17.33,42.4,20.26,20.0,22.92,14.86,44.23,25.9,3.61,48.35,33.33,44.38,32.73,48.33,2.33,,,32.5,,0.0,24.7308,,,36.36,20.18,22.54,26.15,27.96,0.0,28.7,17.61,40.0,15.0,9.76,18.54,15.78,61.25,19.87,,43.03,29.47,8.0,12.33,33.33,24.36,39.2,28.46,23.64,29.41,22.67,26.67,46.99,9.59,22.86,11.2,15.38,18.68,15.75,23.81,25.0,38.46,26.19,26.57,17.33,41.59,36.72,34.86,20.8,24.24,27.25,32.65,22.16,26.72,0.0,0.33,46.37,16.77,31.85
2021,,29.55,33.57,50.0,40.86,33.64,31.13,40.44,18.18,38.21,42.0,8.43,6.3,20.86,24.58,15.0,26.19,40.0,46.15,15.2,20.0,17.02,10.77,12.86,30.47,42.0,22.58,24.94,14.17,33.89,12.8,11.26,18.82,16.67,38.89,45.61,53.41,14.29,23.0,34.92,26.15,39.66,27.89,8.11,39.42,27.7,,43.43,25.74,42.59,46.0,21.57,39.51,16.2,34.15,19.33,14.55,,8.62,13.73,23.0,21.67,19.38,35.71,10.0,21.09,31.13,2.54,13.07,21.04,14.44,22.5,5.59,26.44,47.62,28.33,35.71,28.57,11.54,9.91,27.1,21.61,17.09,21.6,12.8,1.54,21.95,4.69,10.96,15.96,5.38,23.33,27.66,35.0,29.0,22.78,39.6,17.88,4.6,50.1,40.0,27.27,13.43,,24.69,17.33,42.4,20.26,20.0,22.92,14.86,44.23,25.9,3.61,47.25,39.33,44.97,32.73,49.17,2.33,,,34.17,,0.0,25.154942,,,45.24,20.18,22.54,40.0,27.96,0.0,28.32,17.61,40.0,16.3,4.44,18.54,16.22,61.25,19.87,,43.03,29.81,8.0,12.33,27.38,24.36,39.2,33.73,23.64,29.41,22.67,26.67,46.99,9.59,22.86,11.2,15.43,18.68,15.75,23.81,25.0,38.46,33.33,26.57,17.33,41.59,36.86,33.81,20.8,24.24,27.55,32.65,22.16,30.26,0.0,0.0,46.35,15.06,31.85
2022,,33.64,35.7,50.0,44.75,35.5,38.4,40.44,18.64,38.3,42.67,7.4,16.9,20.86,24.17,20.0,19.05,40.0,46.15,17.74,26.67,17.39,11.1,12.9,30.65,41.71,35.48,24.9,13.73,33.89,12.8,14.57,28.88,16.67,41.67,47.37,53.4,14.29,26.0,35.05,26.2,43.58,27.9,7.86,38.69,27.53,,42.41,27.72,41.51,45.5,10.91,37.78,15.4,34.51,18.44,14.6,29.6,8.6,,31.0,21.0,19.38,36.62,19.0,27.34,31.79,3.0,14.07,21.57,15.13,23.1,5.59,28.88,47.62,24.17,32.25,28.6,12.3,9.9,27.4,23.28,20.0,20.8,19.06,6.25,22.0,6.25,11.0,16.5,5.3,24.4,28.37,35.0,29.0,24.3,38.61,18.5,4.6,50.0,41.7,28.57,27.85,,28.4,17.1,43.2,20.3,20.0,22.73,13.51,44.2,30.72,3.6,51.65,40.7,46.15,33.09,50.0,2.33,,,35.0,,0.0,26.060936,,,38.0,20.47,22.5,38.76,28.0,1.8,28.3,17.6,36.96,18.75,4.4,19.09,16.44,61.3,19.9,,40.06,29.1,8.0,13.01,27.4,19.7,34.8,32.4,14.55,29.4,22.0,37.78,46.42,14.86,22.86,10.8,25.89,19.78,16.63,27.0,25.9,40.0,28.57,,17.41,42.5,38.9,33.8,20.43,26.26,28.4,33.57,22.0,30.3,0.0,0.0,46.2,14.97,30.6
2023,,33.64,35.71,50.0,43.19,35.51,38.41,40.98,18.64,38.21,42.67,26.61,16.9,20.86,24.17,20.0,19.05,40.0,46.15,17.54,26.67,17.39,11.1,12.86,30.65,38.5,35.48,26.54,13.73,33.89,12.8,14.57,28.88,16.67,41.67,47.37,55.74,14.29,26.0,35.19,26.15,43.58,27.89,7.86,43.07,27.7,,44.29,28.81,41.31,46.0,10.91,37.78,24.49,34.57,18.44,14.55,29.63,8.62,,31.0,23.0,20.0,36.62,19.0,27.34,31.79,,14.57,21.57,15.24,23.13,5.59,29.05,47.62,24.17,32.25,28.57,12.31,10.34,18.37,23.28,20.0,13.6,19.06,3.08,21.95,6.25,10.96,16.47,5.33,26.45,28.37,35.0,32.0,24.3,38.61,18.54,4.6,50.0,42.5,28.57,27.85,,20.99,17.11,43.2,23.3,20.0,20.7,13.51,44.23,,3.91,51.65,40.67,46.15,33.09,45.53,2.33,,,33.33,,1.23,26.444118,,,38.16,20.47,22.54,38.76,27.33,2.7,29.35,17.61,36.09,22.5,4.44,19.09,16.44,61.25,19.87,,46.06,29.13,8.0,28.19,27.38,19.71,34.8,32.36,14.55,29.41,22.0,37.78,46.42,17.14,22.86,10.8,25.89,19.78,18.84,26.98,25.6,36.92,28.57,16.23,19.83,42.0,37.4,33.81,20.43,26.26,29.1,33.57,34.18,30.26,1.92,0.0,45.98,14.97,30.68
2024,,39.6,35.7,50.0,42.4,36.5,38.0,41.0,18.1,38.2,41.3,26.6,18.3,,26.7,20.0,19.1,33.6,46.2,17.5,26.7,4.3,11.1,11.4,30.4,38.5,35.5,26.7,13.4,33.9,13.0,14.6,29.4,16.7,38.9,49.1,55.7,14.3,26.0,35.3,26.2,45.3,36.8,7.9,43.1,27.7,,44.3,29.7,41.3,46.0,9.1,36.1,25.5,40.5,19.3,14.6,29.6,8.6,,32.0,23.0,20.0,39.4,16.0,27.3,33.1,,14.6,22.0,13.7,23.1,6.8,28.9,47.6,25.0,32.3,27.4,13.1,10.8,19.4,23.3,21.1,13.6,20.0,2.0,22.0,6.3,11.0,16.5,5.3,25.0,29.3,33.3,32.0,24.3,40.8,16.0,3.2,50.0,39.2,30.7,27.9,,27.2,25.4,43.2,23.3,20.0,20.7,13.5,50.0,,3.9,53.9,38.7,44.4,33.1,45.5,0.0,,,33.0,,1.23,26.698393,,,36.8,16.2,21.4,38.5,27.3,2.7,29.6,17.6,32.6,23.8,4.4,19.2,16.4,63.8,19.9,,46.1,29.3,6.0,29.5,31.7,19.6,38.0,32.4,14.6,31.4,22.7,37.8,46.7,21.6,20.6,,26.1,18.6,19.4,27.0,25.6,38.5,28.6,15.7,19.9,42.0,37.4,33.9,21.1,25.3,29.0,34.6,33.0,30.6,2.0,0.0,45.1,15.0,28.1
